step,epoch,train_loss,train_ce,train_ppl,train_bpc,val_loss,val_ppl,val_bpc,grad_norm_total,grad_norm_mu,grad_norm_sigma,grad_norm_phi,lr_current,tokens_per_sec,step_time,beta_loss,attention_entropy,attention_concentration
50,5.477567171406223e-05,18.296524047851562,10.58795166015625,39654.18064253276,15.27518535327949,,,,21.27206881232087,21.26702117919922,0.3591226041316986,0.1879006326198578,0.025,131031.01282100173,0.06251955032348633,0,2.488107204437256,0.15230059623718262
100,0.00010955134342812446,16.31169891357422,7.728089332580566,2271.2584328720636,11.149276155660882,,,,16.986564217800154,16.979398727416992,0.2966499328613281,0.35713717341423035,0.05,131031.01282100173,0.06251955032348633,0,2.49831223487854,0.15240716934204102
150,0.00016432701514218669,16.2702579498291,7.59462308883667,1987.4806066821309,10.956725067685486,,,,6.277165686462117,6.258908271789551,0.3208722472190857,0.33602339029312134,0.04999799430370331,174734.22685109844,0.04688262939453125,0,2.5153417587280273,0.15224725008010864
200,0.00021910268685624892,15.914329528808594,7.491508483886719,1792.7543942579982,10.807962138480967,,,,8.255250208745588,8.238977432250977,0.31921830773353577,0.29971545934677124,0.04999197721481324,174711.12631568243,0.04688882827758789,0,2.5293073654174805,0.15114407241344452
250,0.00027387835857031116,15.853424072265625,7.493518829345703,1796.3620750408754,10.810862453905116,,,,6.211842178413219,6.189255714416504,0.3489002585411072,0.3063531816005707,0.04998194873332978,174707.5729292724,0.0468897819519043,0,2.547304153442383,0.15070322155952454
300,0.00032865403028437337,15.919389724731445,7.546812534332275,1894.6938246029076,10.887749017799845,,,,4.945096099469001,4.914187908172607,0.3263291120529175,0.2811845541000366,0.04996791332960129,131031.01282100173,0.06251955032348633,0,2.5791592597961426,0.14891359210014343
350,0.0003834297019984356,15.90220832824707,7.5119428634643555,1829.7650753412815,10.837442716561265,,,,6.106791470841633,6.061150550842285,0.34792762994766235,0.32068678736686707,0.04994986951351166,174707.5729292724,0.0468897819519043,0,2.575033664703369,0.14898794889450073
400,0.00043820537371249785,15.62669849395752,7.464146137237549,1744.3654634354257,10.768486616663123,,,,8.352890611427032,8.3324556350708,0.3507927656173706,0.3334622085094452,0.04992782324552536,174707.5729292724,0.0468897819519043,0,2.6497364044189453,0.14483296871185303
450,0.0004929810454265601,15.629140853881836,7.518126010894775,1841.1138319262436,10.846363112696217,,,,0.7280862577285746,0.5082830786705017,0.40781721472740173,0.2851409912109375,0.049901776015758514,174706.68460525447,0.0468900203704834,0,2.6737444400787354,0.1441330909729004
500,0.0005477567171406223,15.568121910095215,7.442361831665039,1706.7765834640518,10.737058507044454,16.067561149597168,1739.1124267578125,10.764135455596294,1.4714357839673056,1.392673373222351,0.40544870495796204,0.23088447749614716,0.049871733784675604,174704.90798431914,0.0468904972076416,0,2.6884424686431885,0.1431904286146164
550,0.0006025323888546845,15.548521041870117,7.523972511291504,1851.9094321647012,10.854797829825133,,,,5.87730235610977,5.849815845489502,0.4275653660297394,0.20375777781009674,0.049837699532508856,174707.5729292724,0.0468897819519043,0,2.736201286315918,0.14017581939697266
600,0.0006573080605687467,15.3804349899292,7.570903778076172,1940.8936262297395,10.92250533567801,,,,0.9906139734429403,0.452999085187912,0.375495970249176,0.206107497215271,0.04979967921972275,174708.461262324,0.046889543533325195,0,2.7512431144714355,0.13922758400440216
650,0.000712083732282809,15.29870319366455,7.513421058654785,1832.4718253348105,10.839575301431964,,,,0.4509762645967637,0.06241152808070183,0.33623504638671875,0.1952877640724182,0.049757680296897894,174704.90798431914,0.0468904972076416,0,2.760671615600586,0.13742664456367493
700,0.0007668594039968712,15.42867660522461,7.5548272132873535,1909.9402031272127,10.899311755382652,,,,2.2530266578455196,2.1622745990753174,0.3390114903450012,0.30099916458129883,0.04971170872449875,174707.5729292724,0.0468897819519043,0,2.764495611190796,0.13743174076080322
750,0.0008216350757109334,15.448982238769531,7.5067644119262695,1820.3142170980398,10.829971790207786,,,,3.1970007741144926,3.086822509765625,0.3634355068206787,0.2338450849056244,0.04966177046298981,131032.51190017657,0.06251883506774902,0,2.794999837875366,0.13581416010856628
800,0.0008764107474249957,15.246769905090332,7.468721389770508,1752.3646611613572,10.775087310803238,,,,5.353621846334427,5.331790924072266,0.3260827660560608,0.209284707903862,0.0496078759431839,174707.5729292724,0.0468897819519043,0,2.789790153503418,0.1358737349510193
850,0.0009311864191390579,15.268892288208008,7.569990634918213,1939.1221214364568,10.9211879485724,,,,0.6249587104374278,0.3046852946281433,0.2998463213443756,0.2161046713590622,0.04955003261566163,174706.68460525447,0.0468900203704834,0,2.782440662384033,0.13612228631973267
900,0.0009859620908531201,15.287412643432617,7.549577713012695,1899.9402418702762,10.891738327369257,,,,0.9467176359859683,0.7775211334228516,0.3309853672981262,0.20650078356266022,0.04948824942111969,174706.68460525447,0.0468900203704834,0,2.797210931777954,0.13572731614112854
950,0.0010407377625671823,15.198101997375488,7.472822189331055,1759.5655119254666,10.78100351399292,,,,1.0825358594787968,0.08197545260190964,0.31055185198783875,0.2567712366580963,0.049422536790370945,174710.2379555289,0.04688906669616699,0,2.7988338470458984,0.13491865992546082
1000,0.0010955134342812446,15.440086364746094,7.547607898712158,1896.2013960366153,10.8888964860464,15.274301719665527,1689.8265380859375,10.722659293997497,2.0197470920129104,1.9328391551971436,0.3356113135814667,0.24594853818416595,0.049352905154228216,174707.5729292724,0.0468897819519043,0,2.799894332885742,0.13561075925827026
1050,0.0011502891059953068,15.256635665893555,7.425935745239258,1678.9699262928614,10.713360673616766,,,,0.43314423380616845,0.042590681463479996,0.32738667726516724,0.26391473412513733,0.049279364943504336,174709.34960440945,0.046889305114746094,0,2.806039810180664,0.1344219446182251
1100,0.001205064777709369,15.367652893066406,7.516637802124023,1838.375907980155,10.844216081282847,,,,2.992176506975522,2.9410815238952637,0.38042494654655457,0.26820576190948486,0.049201929569244386,131031.01282100173,0.06251955032348633,0,2.8164145946502686,0.13444441556930542
1150,0.0012598404494234313,15.784074783325195,7.563207626342773,1926.0135475021837,10.911402135738308,,,,3.8486107081113117,3.7839174270629883,0.34367379546165466,0.3737654983997345,0.049120609462261204,131031.01282100173,0.06251955032348633,0,2.8102290630340576,0.1353868544101715
1200,0.0013146161211374935,15.356712341308594,7.464150905609131,1744.3737812379613,10.768493495969159,,,,0.9771954721058655,0.7287424802780151,0.3115690350532532,0.3115901052951813,0.04903541952371598,174709.34960440945,0.046889305114746094,0,2.839725971221924,0.13222214579582214
1250,0.0013693917928515556,15.44716739654541,7.459686756134033,1736.6039915926917,10.762053089659648,,,,6.312546986280181,6.2771806716918945,0.38798126578330994,0.37999123334884644,0.04894637316465378,174708.461262324,0.046889543533325195,0,2.822997808456421,0.134775310754776
1300,0.001424167464565618,15.95252799987793,7.478501319885254,1769.586743192545,10.789196767480023,,,,4.906608235945172,4.810330867767334,0.38412341475486755,0.36909180879592896,0.048853483796119694,174707.5729292724,0.0468897819519043,0,2.7769031524658203,0.13809481263160706
1350,0.0014789431362796802,16.040468215942383,7.341175079345703,1542.5236367819016,10.59107688126969,,,,1.1689361086737406,0.7685495018959045,0.35405659675598145,0.40947216749191284,0.048756766319274905,174708.461262324,0.046889543533325195,0,2.743058919906616,0.1405113935470581
1400,0.0015337188079937423,16.352664947509766,7.41549015045166,1661.5233652689126,10.698290865817563,,,,9.519687664762023,9.47087574005127,0.3743656575679779,0.46922680735588074,0.04865623712539673,174711.12631568243,0.04688882827758789,0,2.7177538871765137,0.14295661449432373
1450,0.0015884944797078047,16.352458953857422,7.377627372741699,1599.789557062783,10.643666424181122,,,,0.8941763989887807,0.405109167098999,0.35651904344558716,0.47369134426116943,0.048551911115646364,174706.68460525447,0.0468900203704834,0,2.7138924598693848,0.14202868938446045
1500,0.0016432701514218669,16.640613555908203,7.38625431060791,1613.6505451462497,10.656112464658761,15.87538013458252,1440.9534912109375,10.49280778318625,1.8728267114373554,1.7110910415649414,0.35651496052742004,0.457893431186676,0.04844380617141724,174708.461262324,0.046889543533325195,0,2.7044315338134766,0.1419111043214798
1550,0.001698045823135929,16.320186614990234,7.357078552246094,1567.2512257341912,10.614020742755994,,,,7.982514844467065,7.946166515350342,0.38513004779815674,0.4805360734462738,0.048331938683986664,174680.03908470215,0.046897172927856445,0,2.694831132888794,0.14393582940101624
1600,0.0017528214948499914,16.99477767944336,7.4314165115356445,1688.1972313306776,10.721267747972835,,,,5.822058362646665,5.77250862121582,0.38531720638275146,0.48375919461250305,0.0482163280248642,174708.461262324,0.046889543533325195,0,2.6875829696655273,0.14417871832847595
1650,0.0018075971665640535,16.968168258666992,7.367064952850342,1582.9808346864666,10.628428073384073,,,,1.811882677063329,1.602126955986023,0.3567028343677521,0.519296407699585,0.04809699207544327,131031.01282100173,0.06251955032348633,0,2.6752936840057373,0.1454911231994629
1700,0.0018623728382781157,17.37383270263672,7.417096138000488,1664.193894950345,10.700607816089988,,,,5.804882715739457,5.746598720550537,0.4161790609359741,0.6285617351531982,0.04797394871711731,131031.51251024884,0.06251931190490723,0,2.667881727218628,0.14592579007148743
1750,0.001917148509992178,17.066511154174805,7.365259647369385,1580.1256487262401,10.625823568119408,,,,1.609144047980217,1.1136393547058105,0.4391813576221466,0.6166029572486877,0.04784721881151199,174709.34960440945,0.046889305114746094,0,2.675971746444702,0.1457224041223526
1800,0.0019719241817062402,17.269397735595703,7.440929412841797,1704.3335147253817,10.734991963511687,,,,1.0069696953511718,0.1259859949350357,0.39135754108428955,0.6592550277709961,0.047716823220252995,131029.01410212409,0.06252050399780273,0,2.658883571624756,0.1468692123889923
1850,0.0020266998534203026,17.175966262817383,7.37322998046875,1592.770099791095,10.637322328156095,,,,0.9256239711214062,0.07423193007707596,0.41518041491508484,0.6759255528450012,0.04758278280496597,131030.51313556575,0.06251978874206543,0,2.673414707183838,0.1450204700231552
1900,0.0020814755251343645,16.857994079589844,7.387681007385254,1615.9543782236017,10.658170753024288,,,,1.0120592718455417,0.3502141833305359,0.3826356530189514,0.6706979870796204,0.04744511842727661,174710.2379555289,0.04688906669616699,0,2.664188861846924,0.14605358242988586
1950,0.002136251196848427,16.791973114013672,7.349123001098633,1554.8323434734593,10.602543308568015,,,,1.044446046539565,0.4673384726047516,0.3648773431777954,0.7895810008049011,0.04730385094881058,174683.59135116448,0.04689621925354004,0,2.6643779277801514,0.14552348852157593
2000,0.0021910268685624893,16.442258834838867,7.29495906829834,1472.8566131333375,10.524401271321988,16.56782512664795,1449.822998046875,10.501661312466545,2.221956529519345,1.9706975221633911,0.39267587661743164,0.6804196238517761,0.047159005701541905,131031.01282100173,0.06251955032348633,0,2.663766384124756,0.14548984169960022
2050,0.0022458025402765512,17.076526641845703,7.40000057220459,1635.9853661139941,10.675944128095054,,,,1.4827562496548323,1.0927374362945557,0.4087540805339813,0.7015220522880554,0.047010603547096255,174706.68460525447,0.0468900203704834,0,2.6594314575195312,0.14645618200302124
2100,0.0023005782119906136,17.29049301147461,7.385817527770996,1612.9458841864623,10.655482320226,,,,1.097672791796771,0.02945486456155777,0.43733206391334534,0.7279177308082581,0.046858669817447664,131030.51313556575,0.06251978874206543,0,2.6618402004241943,0.14707350730895996
2150,0.002355353883704676,16.964874267578125,7.3857197761535645,1612.7882238233567,10.655341294452292,,,,2.1789310858933577,1.9960505962371826,0.3941592872142792,0.7002076506614685,0.04670322984457016,174708.461262324,0.046889543533325195,0,2.672226905822754,0.14523668587207794
2200,0.002410129555418738,17.07062339782715,7.373483657836914,1593.1742007715698,10.63768830723713,,,,1.0164039491924872,0.0325334295630455,0.43038222193717957,0.7077919840812683,0.046544305980205536,174706.68460525447,0.0468900203704834,0,2.664686679840088,0.1460072100162506
2250,0.0024649052271328003,16.599977493286133,7.357901573181152,1568.5416372484724,10.615208110977552,,,,2.0251424249978554,1.7678388357162476,0.3823566734790802,0.6431825160980225,0.04638192504644394,174707.5729292724,0.0468897819519043,0,2.6775214672088623,0.1446835696697235
2300,0.0025196808988468627,16.724538803100586,7.367229461669922,1583.2412704163987,10.628665409442265,,,,1.047301099146938,0.14236684143543243,0.4077363610267639,0.7171251773834229,0.046216112375259404,131033.0116008573,0.06251859664916992,0,2.6580469608306885,0.1456993967294693
2350,0.0025744565705609246,16.800756454467773,7.460113525390625,1737.3452789552555,10.762668787549737,,,,0.8550903901557004,0.1745055764913559,0.38140296936035156,0.7043117880821228,0.04604689627885819,174708.461262324,0.046889543533325195,0,2.6599221229553223,0.14586421847343445
2400,0.002629232242274987,16.55712890625,7.406341075897217,1646.3912919128488,10.685091541329145,,,,1.254801666318512,0.5652312636375427,0.4502280652523041,0.7023749947547913,0.04587430208921433,174709.34960440945,0.046889305114746094,0,2.6618974208831787,0.1462552547454834
2450,0.0026840079139890493,16.86376953125,7.38408088684082,1610.1472071977125,10.65297687696823,,,,1.6411740199734681,1.3929884433746338,0.44446688890457153,0.6532279849052429,0.045698358118534094,131017.02306923822,0.06252622604370117,0,2.6655995845794678,0.14509031176567078
2500,0.0027387835857031113,17.10926628112793,7.402719020843506,1640.4387587227977,10.67986602046533,15.553253746032714,1507.9971923828125,10.558418338973686,0.8714176868152071,0.1555861085653305,0.4272453486919403,0.5991649627685547,0.045519092679023744,174708.461262324,0.046889543533325195,0,2.671278953552246,0.14515049755573273
2550,0.0027935592574171737,16.722209930419922,7.371359348297119,1589.7933978256672,10.634623576398756,,,,2.1403147022953184,1.900232195854187,0.411078542470932,0.6524388194084167,0.04533653557300568,174709.34960440945,0.046889305114746094,0,2.6660890579223633,0.1454051434993744
2600,0.002848334929131236,16.192285537719727,7.284872055053711,1458.0745676500578,10.509848787336582,,,,0.7475715648494946,0.03303598612546921,0.3383499085903168,0.6370915770530701,0.04515071511268616,131031.51251024884,0.06251931190490723,0,2.6676855087280273,0.14534790813922882
2650,0.002903110600845298,16.52589225769043,7.411508083343506,1654.9202235288335,10.692545957348143,,,,1.067234727254377,0.16041140258312225,0.3549003303050995,0.6294465661048889,0.04496165961027146,174706.68460525447,0.0468900203704834,0,2.653388023376465,0.14622779190540314
2700,0.0029578862725593603,16.133691787719727,7.328425884246826,1522.9825333487445,10.572683680725213,,,,1.0657390960320068,0.702056348323822,0.39509275555610657,0.57789546251297,0.044769401848316195,131031.51251024884,0.06251931190490723,0,2.6589386463165283,0.14566519856452942
2750,0.0030126619442734227,16.35354995727539,7.354736328125,1563.5846677359873,10.610641627631843,,,,0.9669060834400379,0.6042413115501404,0.35514411330223083,0.6013524532318115,0.04457397162914276,174705.79629027008,0.0468902587890625,0,2.6677310466766357,0.14430154860019684
2800,0.0030674376159874847,16.662368774414062,7.443044662475586,1707.9424210915888,10.738043623668597,,,,1.001297947671078,0.05278506875038147,0.3523997366428375,0.6248136758804321,0.04437540024518967,174704.01968740148,0.0468907356262207,0,2.665677785873413,0.14526329934597015
2850,0.003122213287701547,16.476533889770508,7.339644432067871,1540.1643832294046,10.58886862403261,,,,0.7889206310839044,0.04609566554427147,0.35073229670524597,0.5510013103485107,0.04417372047901154,174706.68460525447,0.0468900203704834,0,2.6621041297912598,0.14541174471378326
2900,0.0031769889594156094,16.71453285217285,7.370703220367432,1588.750632106187,10.633676983888407,,,,3.4059443818389505,3.199004888534546,0.35661208629608154,0.6275196075439453,0.04396896213293076,174706.68460525447,0.0468900203704834,0,2.661076307296753,0.14508257806301117
2950,0.0032317646311296713,16.435060501098633,7.389286041259766,1618.5501223116628,10.660486327435505,,,,0.787518799543515,0.1684778928756714,0.3720599114894867,0.605687141418457,0.043761160969734196,174704.90798431914,0.0468904972076416,0,2.6645801067352295,0.14516684412956238
3000,0.0032865403028437337,16.831602096557617,7.399493217468262,1635.155551712866,10.675212169932982,15.99310359954834,1517.82861328125,10.567793319651399,0.8457471951374599,0.3294580280780792,0.4232152998447418,0.5793486833572388,0.04355034977197647,131031.01282100173,0.06251955032348633,0,2.668178081512451,0.14553765952587128
3050,0.003341315974557796,16.227333068847656,7.337925910949707,1537.5198512042919,10.586389322137771,,,,0.9220343889452726,0.25566837191581726,0.37006881833076477,0.614793062210083,0.043336561322212225,174709.34960440945,0.046889305114746094,0,2.664010524749756,0.1446203738451004
3100,0.003396091646271858,16.476638793945312,7.412450313568115,1656.4802742308038,10.693905308220563,,,,4.88460106875778,4.772396087646484,0.40483230352401733,0.5539136528968811,0.04311982989311219,174707.5729292724,0.0468897819519043,0,2.678560733795166,0.1445983201265335
3150,0.0034508673179859204,16.430904388427734,7.339229583740234,1539.5255811228906,10.588270124407607,,,,0.8045401046706776,0.10717014223337173,0.35792747139930725,0.5391654372215271,0.04290019124746323,174707.5729292724,0.0468897819519043,0,2.6679654121398926,0.14509382843971252
3200,0.0035056429896999828,16.53763771057129,7.325098991394043,1517.9241526545254,10.567883988904933,,,,0.9035079181902088,0.0858713909983635,0.37385818362236023,0.76265949010849,0.04267768114805222,174709.34960440945,0.046889305114746094,0,2.6623826026916504,0.14585188031196594
3250,0.0035604186614140447,16.745630264282227,7.3535966873168945,1561.8037578332587,10.608997473489593,,,,1.0351465708423149,0.4788525104522705,0.43835294246673584,0.6053196787834167,0.0424523338675499,131030.51313556575,0.06251978874206543,0,2.653747081756592,0.14622078835964203
3300,0.003615194333128107,16.596614837646484,7.394481658935547,1626.9813737493798,10.66798201929071,,,,2.5456578234896114,2.2862226963043213,0.40298938751220703,0.605194628238678,0.042224185168743135,152288.95394952619,0.053792476654052734,0,2.657073736190796,0.14556899666786194
3350,0.0036699700048421695,16.696617126464844,7.3927154541015625,1624.1103275564408,10.665433924335526,,,,0.8881254509859866,0.05069896951317787,0.34880903363227844,0.6094405651092529,0.041993272304534916,174707.5729292724,0.0468897819519043,0,2.6520304679870605,0.14595499634742737
3400,0.0037247456765562314,16.798032760620117,7.372675895690918,1591.8878145771905,10.636522952794884,,,,0.9334121959959639,0.14265243709087372,0.3660152554512024,0.6144671440124512,0.04175963401794434,174695.1372150251,0.04689311981201172,0,2.6723670959472656,0.14438976347446442
3450,0.0037795213482702938,16.550779342651367,7.391861915588379,1622.724678278848,10.664202528555348,,,,0.9480693670630865,0.19655841588974,0.37477290630340576,0.6508014798164368,0.041523306071758276,131032.0122033071,0.06251907348632812,0,2.6521129608154297,0.1461661458015442
3500,0.003834297019984356,16.486806869506836,7.386990547180176,1614.8390111348222,10.65717462951049,17.455734252929688,1452.1365966796875,10.503961339646125,0.9309285313325085,0.07363466173410416,0.35241830348968506,0.6485809683799744,0.0412843257188797,174709.34960440945,0.046889305114746094,0,2.6543402671813965,0.14567533135414124
3550,0.003889072691698418,16.711557388305664,7.378539085388184,1601.248770524277,10.64498174749492,,,,3.959723327492678,3.849698543548584,0.4070311188697815,0.6373239755630493,0.04104273319244385,174709.34960440945,0.046889305114746094,0,2.672546148300171,0.14528235793113708
3600,0.0039438483634124805,16.49400520324707,7.335939407348633,1534.4685941531163,10.583523403243793,,,,1.1059359419258727,0.6106711626052856,0.4224308729171753,0.6441372036933899,0.040798565745353704,174707.5729292724,0.0468897819519043,0,2.66536283493042,0.1454518437385559
3650,0.003998624035126542,16.55967903137207,7.442075252532959,1706.2875269921449,10.73664506075178,,,,3.7188911857057483,3.610119104385376,0.3473093807697296,0.6551929712295532,0.040551863610744476,131031.01282100173,0.06251955032348633,0,2.6693336963653564,0.14577782154083252
3700,0.004053399706840605,16.37282371520996,7.353318691253662,1561.3696428809592,10.608596409947781,,,,1.0360909421403641,0.6455391645431519,0.32404008507728577,0.6210159659385681,0.040302665531635286,131030.51313556575,0.06251978874206543,0,2.6741676330566406,0.14418980479240417
3750,0.004108175378554667,16.629791259765625,7.4108476638793945,1653.8276428221573,10.691593173462362,,,,1.146947098395597,0.8501328825950623,0.36531540751457214,0.6384846568107605,0.04005101174116135,131031.01282100173,0.06251955032348633,0,2.6643409729003906,0.1454329937696457
3800,0.004162951050268729,16.60374641418457,7.401803970336914,1638.9383609801453,10.678545881637307,,,,2.885461761284458,2.7685635089874268,0.342314213514328,0.6338121294975281,0.03979694247245789,174707.5729292724,0.0468897819519043,0,2.6672754287719727,0.14468947052955627
3850,0.004217726721982792,16.73318862915039,7.454059600830078,1726.859294406466,10.75393482060832,,,,1.1718628814522278,0.036965057253837585,0.3923209607601166,0.7048975825309753,0.039540499448776245,131031.51251024884,0.06251931190490723,0,2.6686458587646484,0.14583781361579895
3900,0.004272502393696854,16.496328353881836,7.404955863952637,1644.1122698585423,10.683093102926119,,,,0.8581964402253176,0.03389957919716835,0.36974185705184937,0.6430034637451172,0.03928172290325165,131036.00988498032,0.06251716613769531,0,2.675896167755127,0.14422795176506042
3950,0.004327278065410916,16.21900177001953,7.360865592956543,1573.1977226355798,10.619484287608604,,,,1.0340125711287027,0.048759154975414276,0.37445124983787537,0.6100950837135315,0.03902065306901932,174708.461262324,0.046889543533325195,0,2.667748212814331,0.1446525752544403
4000,0.004382053737124979,16.46888542175293,7.455273628234863,1728.957022005833,10.755686291924707,17.867415809631346,1465.41064453125,10.517089532110147,0.8883826174441001,0.19031256437301636,0.37645724415779114,0.6619475483894348,0.03875733464956284,174707.5729292724,0.0468897819519043,0,2.665614604949951,0.1456005722284317
4050,0.0044368294088390405,16.28903579711914,7.373289108276367,1592.8642795794285,10.637407631550923,,,,1.008337004118396,0.038260191679000854,0.3824109733104706,0.686100423336029,0.038491809368133546,174707.5729292724,0.0468897819519043,0,2.664308547973633,0.1460058093070984
4100,0.0044916050805531025,16.054990768432617,7.277251243591309,1447.0050890498153,10.498854280432223,,,,1.326112703411627,0.7306038737297058,0.3483683466911316,0.6147859692573547,0.03822411745786667,131031.01282100173,0.06251955032348633,0,2.6970577239990234,0.14305691421031952
4150,0.004546380752267165,16.166244506835938,7.369930267333984,1587.5230769680606,10.632561848380211,,,,0.8598397855310717,0.027282627299427986,0.36744654178619385,0.674385666847229,0.03795430511236191,174707.5729292724,0.0468897819519043,0,2.659615993499756,0.14518317580223083
4200,0.004601156423981227,16.01120376586914,7.431738376617432,1688.74069052619,10.721732101130165,,,,0.9849122547533362,0.049404725432395935,0.34768781065940857,0.6568753123283386,0.037682414054870605,131032.51190017657,0.06251883506774902,0,2.6798408031463623,0.14511820673942566
4250,0.004655932095695289,16.168302536010742,7.3720502853393555,1590.8922245400533,10.635620387843156,,,,0.9226227764802108,0.345180481672287,0.3575005829334259,0.6793304681777954,0.037408486008644104,174707.5729292724,0.0468897819519043,0,2.6641087532043457,0.14472372829914093
4300,0.004710707767409352,16.383243560791016,7.405550003051758,1645.0893914857477,10.68395026445802,,,,0.9721197456829076,0.4232500195503235,0.3964417576789856,0.6575943827629089,0.03713256940245629,131014.5252136247,0.06252741813659668,0,2.6708760261535645,0.14450687170028687
4350,0.004765483439123414,16.36326789855957,7.4165849685668945,1663.3434272847292,10.699870354483087,,,,1.061210080186425,0.02114509604871273,0.35127875208854675,0.7014017105102539,0.03685470297932625,174707.5729292724,0.0468897819519043,0,2.685230016708374,0.1443566530942917
4400,0.004820259110837476,16.193801879882812,7.425489902496338,1678.2215365801007,10.712717458502539,,,,0.8619193843917335,0.347582072019577,0.3405807912349701,0.5850203037261963,0.036574936658144,174704.90798431914,0.0468904972076416,0,2.678427219390869,0.14355406165122986
4450,0.004875034782551539,15.960993766784668,7.4061479568481445,1646.073373091232,10.684812929434747,,,,0.8858847346502882,0.24684491753578186,0.3494488000869751,0.5705314874649048,0.03629331290721893,174704.90798431914,0.0468904972076416,0,2.693140983581543,0.14368844032287598
4500,0.004929810454265601,15.865690231323242,7.26059627532959,1423.104846574502,10.474826240314878,16.52239933013916,1485.126220703125,10.536369612788592,1.0078136391287176,0.1758912056684494,0.3323574662208557,0.6254202127456665,0.03600987419486046,174707.5729292724,0.0468897819519043,0,2.6931400299072266,0.14306476712226868
4550,0.0049845861259796625,16.12776756286621,7.374106407165527,1594.1666579294044,10.638586744605238,,,,0.9359718454298941,0.05323902517557144,0.3821861147880554,0.6067883968353271,0.03572467193007469,174704.90798431914,0.0468904972076416,0,2.6823463439941406,0.14419163763523102
4600,0.005039361797693725,16.05105209350586,7.327757835388184,1521.9654463753304,10.571719889949778,,,,0.9576405014610623,0.024420877918601036,0.4321081042289734,0.6811202168464661,0.035437747836112976,174706.68460525447,0.0468900203704834,0,2.6892199516296387,0.14344018697738647
4650,0.005094137469407787,15.725253105163574,7.324850082397461,1517.5463746949174,10.567524889129933,,,,0.9173714691874002,0.04648713022470474,0.34920641779899597,0.5845682621002197,0.0351491466164589,174708.461262324,0.046889543533325195,0,2.6793222427368164,0.1443609744310379
4700,0.005148913141121849,16.09627342224121,7.347654342651367,1552.550501851275,10.600424482309384,,,,3.4623100595485554,3.3062691688537598,0.3779880106449127,0.6555565595626831,0.03485891968011856,174707.5729292724,0.0468897819519043,0,2.677719831466675,0.1437600553035736
4750,0.005203688812835912,15.677393913269043,7.343111991882324,1545.5142655101793,10.593871255380908,,,,0.9704566384132643,0.391474187374115,0.3763832151889801,0.6729357838630676,0.034567108005285264,131029.51377612697,0.06252026557922363,0,2.6838855743408203,0.14349086582660675
4800,0.005258464484549974,15.921514511108398,7.350106239318848,1556.3618658788093,10.60396182147233,,,,0.7708043907586583,0.010446073487401009,0.3443044424057007,0.5983504056930542,0.03427376374602318,131030.51313556575,0.06251978874206543,0,2.6944220066070557,0.14222320914268494
4850,0.005313240156264036,16.005958557128906,7.390580177307129,1620.6461023185245,10.662353371093271,,,,1.103640612363442,0.22450843453407288,0.3838171660900116,0.6131002902984619,0.03397893086075783,174710.2379555289,0.04688906669616699,0,2.679715394973755,0.14387424290180206
4900,0.005368015827978099,15.835597038269043,7.384855270385742,1611.394561602898,10.654094076268235,,,,1.032129419562886,0.6600143909454346,0.34883275628089905,0.5540497303009033,0.033682654798030856,131030.51313556575,0.06251978874206543,0,2.683750629425049,0.14347171783447266
4950,0.005422791499692161,15.914726257324219,7.364644527435303,1579.1539808181417,10.624936137640955,,,,0.8579425247449174,0.06841222196817398,0.4277237057685852,0.6656381487846375,0.03338498845696449,174707.5729292724,0.0468897819519043,0,2.6792478561401367,0.14456000924110413
5000,0.005477567171406223,16.010847091674805,7.397510528564453,1631.9167587648933,10.67235175448383,16.878940391540528,1479.8238525390625,10.531209582918224,5.66364182493874,5.592288017272949,0.34946295619010925,0.5756401419639587,0.03308597356081009,174709.34960440945,0.046889305114746094,0,2.670565605163574,0.14383195340633392
5050,0.005532342843120285,15.797928810119629,7.336643695831299,1535.5496833656446,10.58453947674509,,,,0.8658723919415159,0.04211098700761795,0.38864654302597046,0.6015769243240356,0.03278566375374794,131030.51313556575,0.06251978874206543,0,2.6837635040283203,0.14304088056087494
5100,0.005587118514834347,15.942898750305176,7.449993133544922,1719.8513360534384,10.748068148422089,,,,0.7931882545349492,0.012013733386993408,0.38215383887290955,0.6151543259620667,0.03248410448431969,174708.461262324,0.046889543533325195,0,2.6830337047576904,0.14376212656497955
5150,0.005641894186548409,15.922003746032715,7.384821891784668,1611.3407764042954,10.654045921125993,,,,1.0680274206017133,0.6127849221229553,0.42201104760169983,0.5819918513298035,0.032181341946125035,174707.5729292724,0.0468897819519043,0,2.672873020172119,0.14410685002803802
5200,0.005696669858262472,15.78631591796875,7.4116692543029785,1655.1869701044338,10.692778477892109,,,,0.8823939459903977,0.1578240841627121,0.3480527102947235,0.6132845282554626,0.03187742903828621,174708.461262324,0.046889543533325195,0,2.6831493377685547,0.14275717735290527
5250,0.005751445529976534,15.745914459228516,7.380932331085205,1605.0855415908193,10.648434471193642,,,,0.9047249291971191,0.03057985007762909,0.40494146943092346,0.6530547738075256,0.03157241344451905,174708.461262324,0.046889543533325195,0,2.6696321964263916,0.14514648914337158
5300,0.005806221201690596,15.771224021911621,7.407740592956543,1648.6970577151458,10.687110617650275,,,,2.647591293863812,2.52486252784729,0.37510213255882263,0.5763659477233887,0.03126633986830712,174704.90798431914,0.0468904972076416,0,2.6817030906677246,0.1435490846633911
5350,0.005860996873404659,15.552924156188965,7.4166364669799805,1663.4290890373545,10.699944650988261,,,,0.9596390976993981,0.01583872362971306,0.34310200810432434,0.5866258144378662,0.03095926344394684,174707.5729292724,0.0468897819519043,0,2.6998066902160645,0.14182332158088684
5400,0.005915772545118721,15.7216796875,7.318826675415039,1508.4330494525705,10.558834949747137,,,,0.7876652183313931,0.028700536116957664,0.35694900155067444,0.5623680353164673,0.03065122812986374,174704.90798431914,0.0468904972076416,0,2.7030467987060547,0.14225751161575317
5450,0.005970548216832783,15.609206199645996,7.437265396118164,1698.1002346195457,10.729705904754768,,,,0.8132283465500129,0.21350079774856567,0.36066436767578125,0.5644087195396423,0.030342289060354233,174704.90798431914,0.0468904972076416,0,2.6876707077026367,0.1437448114156723
5500,0.0060253238885468454,15.718137741088867,7.397549629211426,1631.9805690134694,10.672408164793314,15.649004364013672,1472.03515625,10.52359653010207,1.1209759045314687,0.01528988592326641,0.3620448708534241,0.5667389631271362,0.030032492429018023,174707.5729292724,0.0468897819519043,0,2.685640335083008,0.14316438138484955
5550,0.006080099560260907,15.712287902832031,7.391544342041016,1622.2094256660034,10.66374436677345,,,,0.718801255874057,0.02427070215344429,0.35155731439590454,0.5544919371604919,0.029721885547041894,174711.12631568243,0.04688882827758789,0,2.6884799003601074,0.14246460795402527
5600,0.006134875231974969,15.481502532958984,7.394583702087402,1627.1474045277753,10.668129236439848,,,,0.849278791423023,0.037848494946956635,0.3627811670303345,0.6863330602645874,0.02941052354872227,174706.68460525447,0.0468900203704834,0,2.6921443939208984,0.14296504855155945
5650,0.006189650903689032,15.404414176940918,7.333714485168457,1531.0583161516038,10.58031351904809,,,,0.9576643873922916,0.41186413168907166,0.3445315361022949,0.5621840953826904,0.029098451137542725,174710.2379555289,0.04688906669616699,0,2.7032389640808105,0.1416827142238617
5700,0.006244426575403094,15.596616744995117,7.3594207763671875,1570.9263816982304,10.617399857880146,,,,0.8079067102259865,0.3353930115699768,0.36818069219589233,0.5406156778335571,0.028785723820328714,174708.461262324,0.046889543533325195,0,2.705432415008545,0.1423858106136322
5750,0.006299202247117156,15.757646560668945,7.35629940032959,1566.03057453613,10.612896664149956,,,,0.8607158155051069,0.046497564762830734,0.38364851474761963,0.6042291522026062,0.028472388908267022,174707.5729292724,0.0468897819519043,0,2.682713031768799,0.14433078467845917
5800,0.006353977918831219,15.462185859680176,7.421884059906006,1672.1810309885896,10.707515327279241,,,,0.7658489963003787,0.027040641754865646,0.35344037413597107,0.5497676730155945,0.028158494085073472,174707.5729292724,0.0468897819519043,0,2.693167209625244,0.14290468394756317
5850,0.006408753590545281,15.951906204223633,7.4515581130981445,1722.5449754244514,10.750325936662614,,,,1.8332362300460883,1.6605708599090576,0.3684537708759308,0.5738362669944763,0.027844095416367055,131031.51251024884,0.06251931190490723,0,2.697695016860962,0.14282891154289246
5900,0.006463529262259343,15.357229232788086,7.408700942993164,1650.2811445120599,10.688496109885625,,,,0.735617983109848,0.013334866613149643,0.3394148051738739,0.5361617207527161,0.027529240213334562,174712.0146848702,0.04688858985900879,0,2.694134473800659,0.14226034283638
5950,0.0065183049339734055,15.26228141784668,7.377006530761719,1598.7966487980832,10.642770738535429,,,,0.8284182989673007,0.1815917193889618,0.3746004104614258,0.5806756615638733,0.027213976159691813,174707.5729292724,0.0468897819519043,0,2.695988655090332,0.14322665333747864
6000,0.0065730806056874674,15.781949043273926,7.353216648101807,1561.2103239302303,10.608449192798643,15.009212112426757,1484.3333740234375,10.535599268098848,1.2020833677710145,0.015124637633562088,0.3951703906059265,0.584273636341095,0.02689835987985134,174711.12631568243,0.04688882827758789,0,2.708142042160034,0.14258672297000885
6050,0.006627856277401529,15.515547752380371,7.398695945739746,1633.8524079686206,10.674061949964011,,,,0.8780381744121344,0.5593702793121338,0.357809454202652,0.5383710265159607,0.026582436077296736,131030.51313556575,0.06251978874206543,0,2.6834468841552734,0.1431860327720642
6100,0.006682631949115592,15.374316215515137,7.453083038330078,1725.1737315394723,10.752525938732452,,,,0.865604692014784,0.17937521636486053,0.3563602566719055,0.5784540176391602,0.026266261190176013,131032.0122033071,0.06251907348632812,0,2.7027251720428467,0.14193901419639587
6150,0.006737407620829654,15.181462287902832,7.351369857788086,1558.3297565469993,10.605784837571477,,,,2.052175204829354,1.8548098802566528,0.34057146310806274,0.6105384230613708,0.025949883181601765,174704.90798431914,0.0468904972076416,0,2.7067432403564453,0.14190973341464996
6200,0.006792183292543716,15.420951843261719,7.417088508605957,1664.1811982069783,10.700596809200333,,,,0.9348289647537609,0.14669498801231384,0.40199801325798035,0.5819870233535767,0.025633349688723685,174709.34960440945,0.046889305114746094,0,2.6870899200439453,0.14345359802246094
6250,0.006846958964257779,15.69590950012207,7.425628662109375,1678.4544221082865,10.712917646308144,,,,0.854691661564096,0.023913050070405006,0.3907977044582367,0.5155016779899597,0.02531671759206802,174709.34960440945,0.046889305114746094,0,2.7100274562835693,0.1415206491947174
6300,0.006901734635971841,15.196581840515137,7.378353118896484,1600.9510195947908,10.644713454559575,,,,0.8108546389715451,0.12456405907869339,0.34625160694122314,0.5443692207336426,0.025000031689771163,174710.2379555289,0.04688906669616699,0,2.7119877338409424,0.14119890332221985
6350,0.006956510307685903,15.491791725158691,7.4124932289123535,1656.5513641774103,10.693967221974873,,,,5.467757807520143,5.390017986297607,0.3522757291793823,0.5251754522323608,0.024683348764665426,174708.461262324,0.046889543533325195,0,2.7074763774871826,0.1417245864868164
6400,0.0070112859793999656,15.329380989074707,7.396349906921387,1630.0238195605818,10.670677331395032,,,,0.6664917073169004,0.13076937198638916,0.34406349062919617,0.504380464553833,0.02436671662144363,131032.51190017657,0.06251883506774902,0,2.691279888153076,0.14270102977752686
6450,0.0070660616511140275,15.258134841918945,7.438196659088135,1699.6823490552988,10.731049433223308,,,,0.7451310459071755,0.03888426348567009,0.35887637734413147,0.570204496383667,0.02405018312856555,174708.461262324,0.046889543533325195,0,2.7017598152160645,0.1419888436794281
6500,0.0071208373228280894,15.5224609375,7.411770820617676,1655.3550898826309,10.692925007110643,14.78544635772705,1476.168212890625,10.527641699636485,3.9227285525658653,3.849494457244873,0.4012889862060547,0.5868397355079651,0.023733805119991305,131031.01282100173,0.06251955032348633,0,2.692605972290039,0.14304330945014954
6550,0.007175612994542152,15.165985107421875,7.394061088562012,1626.297257454894,10.667375264498466,,,,0.7843639929200525,0.029667699709534645,0.3563973307609558,0.6024472713470459,0.02341763023287058,174708.461262324,0.046889543533325195,0,2.6969408988952637,0.1424235701560974
6600,0.007230388666256214,15.162078857421875,7.373601913452148,1593.362613707082,10.637858914026786,,,,1.100388144945167,0.12044502049684525,0.3932719826698303,0.4738602638244629,0.02310170624405146,174707.5729292724,0.0468897819519043,0,2.698302745819092,0.14233830571174622
6650,0.007285164337970276,15.430279731750488,7.39959192276001,1635.3169581843567,10.675354571567896,,,,1.8762989460897046,1.7292901277542114,0.3490937650203705,0.5803138017654419,0.022786089777946474,174709.34960440945,0.046889305114746094,0,2.6950838565826416,0.14226853847503662
6700,0.007339940009684339,15.158005714416504,7.367250919342041,1583.2752434529546,10.628696366319419,,,,0.8775231977617671,0.12659355998039246,0.32884201407432556,0.5742798447608948,0.022470825724303724,174704.90798431914,0.0468904972076416,0,2.7095255851745605,0.14177954196929932
6750,0.007394715681398401,15.232356071472168,7.341216087341309,1542.5868938814347,10.591136043301585,,,,3.8621132030554275,3.811063289642334,0.3292846977710724,0.4716273844242096,0.02215597052127123,174705.79629027008,0.0468902587890625,0,2.7265219688415527,0.13976743817329407
6800,0.007449491353112463,15.454297065734863,7.395313739776611,1628.3357171627076,10.669182458193731,,,,0.7598919959873236,0.022833513095974922,0.3724944591522217,0.5947152972221375,0.021841571852564814,174707.5729292724,0.0468897819519043,0,2.685325860977173,0.1433664709329605
6850,0.007504267024826526,15.094331741333008,7.3466291427612305,1550.9596428609138,10.598945431511964,,,,1.219793157070431,1.001459002494812,0.40213826298713684,0.46859222650527954,0.021527676656842232,174704.90798431914,0.0468904972076416,0,2.7079710960388184,0.1411682665348053
6900,0.0075590426965405876,15.194696426391602,7.409445762634277,1651.510764187449,10.689570657488217,,,,0.7238810880703224,0.1557292342185974,0.3197917342185974,0.5110265612602234,0.02121434174478054,174711.12631568243,0.04688882827758789,0,2.710695505142212,0.1408165693283081
6950,0.0076138183682546495,15.320426940917969,7.445582389831543,1712.282217577077,10.741704790340163,,,,0.8721278474317601,0.019233843311667442,0.3978225290775299,0.4804835915565491,0.02090161442756653,131031.51251024884,0.06251931190490723,0,2.7063002586364746,0.1415102630853653
7000,0.007668594039968712,15.092495918273926,7.371759414672852,1590.4295479511513,10.63520075017505,14.549354743957519,1484.858642578125,10.536110125364969,1.0790598878781137,0.7160592675209045,0.3506140112876892,0.5889804363250732,0.020589541643857956,174710.2379555289,0.04688906669616699,0,2.70988130569458,0.14157059788703918
7050,0.007723369711682774,15.16071891784668,7.354222297668457,1562.781144130883,10.609900038441321,,,,0.7859611185435585,0.01823083683848381,0.34327054023742676,0.4504425525665283,0.02027817964553833,174709.34960440945,0.046889305114746094,0,2.7223739624023438,0.14028030633926392
7100,0.007778145383396836,15.447665214538574,7.4141740798950195,1659.3381215715674,10.696392177352038,,,,1.233741973272565,0.9310699105262756,0.34600481390953064,0.5165510773658752,0.019967572763562202,174707.5729292724,0.0468897819519043,0,2.698770523071289,0.14198105037212372
7150,0.007832921055110898,15.119461059570312,7.406316757202148,1646.3512543118907,10.685056456868368,,,,2.906088404589936,2.8097667694091797,0.3558848798274994,0.5326977968215942,0.01965777575969696,174707.5729292724,0.0468897819519043,0,2.7107505798339844,0.14219486713409424
7200,0.007887696726824961,14.933764457702637,7.366672515869141,1582.359736345353,10.627861906497433,,,,1.0319170627221441,0.1181720718741417,0.36296409368515015,0.5269116759300232,0.019348836317658425,174708.461262324,0.046889543533325195,0,2.7063684463500977,0.1422172337770462
7250,0.007942472398539024,15.02134895324707,7.389095306396484,1618.2414378147535,10.660211155194125,,,,0.9700190634671273,0.5595315098762512,0.34101903438568115,0.5455174446105957,0.019040801003575327,174708.461262324,0.046889543533325195,0,2.702205181121826,0.14196962118148804
7300,0.007997248070253085,14.970149040222168,7.3308258056640625,1526.6419611617864,10.576146035452384,,,,1.0006280684033988,0.5694680213928223,0.3419988453388214,0.5206916928291321,0.01873372420668602,174712.90306309238,0.04688835144042969,0,2.7049553394317627,0.14134247601032257
7350,0.008052023741967148,14.990689277648926,7.367773056030273,1584.1021454042684,10.629449650330198,,,,0.8032621337692993,0.025568099692463875,0.3553338348865509,0.5018740892410278,0.01842765063047409,174709.34960440945,0.046889305114746094,0,2.7245399951934814,0.14057022333145142
7400,0.00810679941368121,15.041893005371094,7.378379821777344,1600.993770169908,10.644751978673368,,,,0.7915291822149245,0.1749488264322281,0.34247347712516785,0.5550832152366638,0.018122634291648867,174707.5729292724,0.0468897819519043,0,2.6900908946990967,0.14258255064487457
7450,0.008161575085395271,15.186379432678223,7.4463701248168945,1713.6315735823484,10.742841251697065,,,,0.7683773023666376,0.23189285397529602,0.33947861194610596,0.5180616974830627,0.017818722128868102,174708.461262324,0.046889543533325195,0,2.705183267593384,0.14133679866790771
7500,0.008216350757109334,14.819700241088867,7.319193363189697,1508.9862748349885,10.55936396838119,14.795691108703613,1452.644287109375,10.504465592778455,0.9393664558047462,0.022752216085791588,0.3459468483924866,0.4875207841396332,0.01751595884561539,174705.79629027008,0.0468902587890625,0,2.7271347045898438,0.14054107666015625
7550,0.008271126428823397,15.163280487060547,7.377272129058838,1599.2213428619573,10.64315391588155,,,,0.9185843007757767,0.4916992485523224,0.3618836998939514,0.6144123673439026,0.017214399576187134,174708.461262324,0.046889543533325195,0,2.726106882095337,0.1399746537208557
7600,0.008325902100537458,15.16762924194336,7.474873065948486,1763.177866671496,10.783962303518363,,,,3.603377559685243,3.5252296924591064,0.3432161808013916,0.5067020058631897,0.016914089769124986,174704.90798431914,0.0468904972076416,0,2.7043983936309814,0.14150992035865784
7650,0.008380677772251521,15.167612075805664,7.392185211181641,1623.2493828291767,10.664668945504488,,,,0.7981558975716533,0.19087642431259155,0.36280760169029236,0.5017725229263306,0.01661507412791252,131031.51251024884,0.06251931190490723,0,2.710707187652588,0.1415606290102005
7700,0.008435453443965584,14.918086051940918,7.389341831207275,1618.6404236569588,10.660566815316109,,,,0.7542378730497572,0.010150173678994179,0.34358295798301697,0.5286528468132019,0.016317407041788103,174707.5729292724,0.0468897819519043,0,2.711318016052246,0.14114201068878174
7750,0.008490229115679645,15.165305137634277,7.388859748840332,1617.8602937088467,10.65987131747602,,,,0.7146640736755641,0.02179378643631935,0.3475700616836548,0.4874900281429291,0.01602113097906113,174707.5729292724,0.0468897819519043,0,2.7163732051849365,0.1411648839712143
7800,0.008545004787393708,14.894972801208496,7.30918025970459,1493.952034423665,10.544918113639318,,,,0.9145490538778672,0.007173033896833658,0.3511619567871094,0.5219092965126038,0.015726298093795776,131030.01345394085,0.06252002716064453,0,2.7240350246429443,0.14043909311294556
7850,0.00859978045910777,14.978713989257812,7.400550842285156,1636.8858476445114,10.676738000011436,,,,0.8935022865931785,0.5602936148643494,0.341227650642395,0.4778802990913391,0.015432953834533691,174705.79629027008,0.0468902587890625,0,2.7245497703552246,0.14018133282661438
7900,0.008654556130821832,14.801370620727539,7.3507585525512695,1557.3774325161255,10.604902910537852,,,,0.6494859913156519,0.040810566395521164,0.35520169138908386,0.48785361647605896,0.015141141414642335,174707.5729292724,0.0468897819519043,0,2.710739850997925,0.1411750614643097
7950,0.008709331802535894,15.148391723632812,7.40867280960083,1650.2347171582423,10.688455521980021,,,,0.9400770702527563,0.27191248536109924,0.3344886600971222,0.4993196725845337,0.014850913733243943,131030.01345394085,0.06252002716064453,0,2.7219972610473633,0.1402902454137802
8000,0.008764107474249957,14.95627498626709,7.394474029541016,1626.9689609139357,10.667971012401054,14.532169723510743,1476.2196044921875,10.527691918570538,1.129035787200457,0.5626170039176941,0.34594467282295227,0.48541730642318726,0.014562314748764038,174706.68460525447,0.0468900203704834,0,2.7259297370910645,0.1398000866174698
8050,0.008818883145964018,14.85992431640625,7.337874412536621,1537.4406734106494,10.586315025632599,,,,0.721225323071443,0.04043329879641533,0.3482247591018677,0.4969467222690582,0.014275390654802322,131031.01282100173,0.06251955032348633,0,2.727858543395996,0.14013496041297913
8100,0.008873658817678081,14.945521354675293,7.409751892089844,1652.0164176723158,10.690012308935632,,,,0.5921039619434723,0.08354541659355164,0.32555055618286133,0.47046130895614624,0.013990182429552078,174706.68460525447,0.0468900203704834,0,2.720635414123535,0.14059165120124817
8150,0.008928434489392144,14.903159141540527,7.4281463623046875,1682.6855913073616,10.716549919894366,,,,0.6797408439974355,0.03261931613087654,0.33213403820991516,0.4958995580673218,0.013706746697425843,131030.51313556575,0.06251978874206543,0,2.710690975189209,0.14101356267929077
8200,0.008983210161106205,14.753361701965332,7.366827487945557,1582.6049769215615,10.628085483943554,,,,0.776266646611112,0.16532357037067413,0.34426262974739075,0.5067260265350342,0.01342512220144272,174706.68460525447,0.0468900203704834,0,2.7378880977630615,0.13977095484733582
8250,0.009037985832820268,14.716086387634277,7.385948657989502,1613.1574040007104,10.65567150114195,,,,1.180401505753147,0.9370387196540833,0.314009428024292,0.48040565848350525,0.013145355880260468,131031.01282100173,0.06251955032348633,0,2.720306158065796,0.1402493417263031
8300,0.00909276150453433,14.818988800048828,7.366109371185303,1581.468889733221,10.627049460454757,,,,1.2245941329487122,1.0347563028335571,0.33468571305274963,0.4394395649433136,0.012867491692304611,174708.461262324,0.046889543533325195,0,2.7174925804138184,0.14052382111549377
8350,0.009147537176248392,14.725117683410645,7.424932479858398,1677.2863185841907,10.711913267627105,,,,1.0040669825027633,0.027322828769683838,0.3398662507534027,0.45589929819107056,0.012591568380594255,174712.0146848702,0.04688858985900879,0,2.7190663814544678,0.14048048853874207
8400,0.009202312847962454,14.86055850982666,7.383842468261719,1609.7633639479275,10.652632911666505,,,,0.7375677317085713,0.031683556735515594,0.3431331217288971,0.44944751262664795,0.012317642569541931,174712.0146848702,0.04688858985900879,0,2.71952223777771,0.14038291573524475
8450,0.009257088519676517,14.923680305480957,7.390198230743408,1620.0272203061893,10.661802338679907,,,,1.338330597827613,1.0889755487442017,0.33059531450271606,0.5147373080253601,0.01204575151205063,174705.79629027008,0.0468902587890625,0,2.719534397125244,0.14038527011871338
8500,0.009311864191390578,14.64193058013916,7.346890926361084,1551.3657118082258,10.599323105413259,14.421423149108886,1467.37890625,10.51902591917274,0.7102298024072609,0.01742764562368393,0.36667901277542114,0.4643620550632477,0.011775939166545868,154130.69075836823,0.05314970016479492,0,2.7270102500915527,0.13999345898628235
8550,0.009366639863104641,14.80182933807373,7.345098495483398,1548.5874866359156,10.596737174274885,,,,0.8158817620084188,0.04950229451060295,0.32951420545578003,0.5309194922447205,0.011508248746395111,174710.2379555289,0.04688906669616699,0,2.7291910648345947,0.13991844654083252
8600,0.009421415534818704,14.696887969970703,7.386924743652344,1614.7327525271426,10.657079695087214,,,,0.6441322074528195,0.020464137196540833,0.31024467945098877,0.5040984749794006,0.011242717504501343,174709.34960440945,0.046889305114746094,0,2.7334678173065186,0.13930124044418335
8650,0.009476191206532765,14.658190727233887,7.347620487213135,1552.4979404634064,10.600375639236539,,,,4.449776588913777,4.399267196655273,0.3301658034324646,0.5134958624839783,0.010979400575160982,174708.461262324,0.046889543533325195,0,2.721693754196167,0.14048708975315094
8700,0.009530966878246828,14.666930198669434,7.31089973449707,1496.523057058882,10.547398791395363,,,,0.9088852350185748,0.6164847612380981,0.31510481238365173,0.47113367915153503,0.01071833223104477,174704.90798431914,0.0468904972076416,0,2.738525629043579,0.13894280791282654
8750,0.00958574254996089,14.638768196105957,7.381407737731934,1605.8487913384856,10.649120338005282,,,,0.7966506422535005,0.26593685150146484,0.37624454498291016,0.539375901222229,0.010459555685520172,154862.1885853619,0.05289864540100098,0,2.7195792198181152,0.14049863815307617
8800,0.009640518221674952,14.731003761291504,7.437220573425293,1698.0241229000437,10.729641239278044,,,,0.7864677912064129,0.13680212199687958,0.3453764021396637,0.48791107535362244,0.010203112661838532,174711.12631568243,0.04688882827758789,0,2.7362594604492188,0.13952983915805817
8850,0.009695293893389014,14.668595314025879,7.359457969665527,1570.9848107183923,10.617453516467217,,,,0.8167653556240371,0.09522601217031479,0.32905447483062744,0.49923619627952576,0.009949038922786714,131033.0116008573,0.06251859664916992,0,2.7440454959869385,0.13905687630176544
8900,0.009750069565103077,14.596731185913086,7.296446800231934,1475.0494597297936,10.526547614804755,,,,0.7037186420178834,0.049354538321495056,0.31920403242111206,0.47548678517341614,0.009697386622428895,131033.0116008573,0.06251859664916992,0,2.742145538330078,0.13890346884727478
8950,0.009804845236817138,14.724786758422852,7.3468828201293945,1551.3531361293017,10.599311410593,,,,0.7801033089886893,0.2777305543422699,0.3159467279911041,0.5541419386863708,0.009448188543319703,131031.51251024884,0.06251931190490723,0,2.737889528274536,0.13923978805541992
9000,0.009859620908531201,14.604208946228027,7.249970436096191,1408.0632197437637,10.459496394747571,14.337930297851562,1412.507568359375,10.46404279051966,0.7489325481396988,0.022592226043343544,0.324932336807251,0.4845108985900879,0.00920148640871048,174708.461262324,0.046889543533325195,0,2.7454123497009277,0.1386331170797348
9050,0.009914396580245264,14.786072731018066,7.330438137054443,1526.0502446976768,10.575586747871776,,,,2.9282445910088915,2.822105646133423,0.32428091764450073,0.499540239572525,0.00895731896162033,174707.5729292724,0.0468897819519043,0,2.727882146835327,0.13972455263137817
9100,0.009969172251959325,14.58798599243164,7.306669235229492,1490.2053902268694,10.541295471081543,,,,0.6595939629526658,0.04118805006146431,0.31158220767974854,0.5182687044143677,0.008715726435184479,174705.79629027008,0.0468902587890625,0,2.735917091369629,0.1396622508764267
9150,0.010023947923673388,14.44985580444336,7.291609764099121,1467.931820212721,10.519569246763346,,,,0.7536482216068154,0.08747893571853638,0.34739041328430176,0.6324294209480286,0.008476743102073669,174707.5729292724,0.0468897819519043,0,2.738530397415161,0.1398841142654419
9200,0.01007872359538745,14.576347351074219,7.285201549530029,1458.5550743239592,10.510324147383566,,,,0.9383404967680711,0.07858331501483917,0.41499510407447815,0.7561241984367371,0.008240415155887604,174707.5729292724,0.0468897819519043,0,2.7408409118652344,0.13993123173713684
9250,0.010133499267101512,14.72693157196045,7.347955703735352,1553.018450660692,10.600859254450766,,,,2.6253307628599716,2.504903793334961,0.3531041145324707,0.598100483417511,0.008006775379180908,174706.68460525447,0.0468900203704834,0,2.729433059692383,0.14025866985321045
9300,0.010188274938815575,14.69099235534668,7.322299003601074,1513.679928217616,10.563844460401468,,,,0.7711487276303403,0.03857739269733429,0.326063334941864,0.565030038356781,0.0077758640050888065,174707.5729292724,0.0468897819519043,0,2.724085807800293,0.14091730117797852
9350,0.010243050610529637,14.391709327697754,7.290035247802734,1465.6223562612415,10.51729769991075,,,,1.1751232609591606,0.8164198994636536,0.36482203006744385,0.7425965070724487,0.007547715306282044,131031.01282100173,0.06251955032348633,0,2.7485780715942383,0.1382988840341568
9400,0.010297826282243698,14.34647274017334,7.265444755554199,1430.0214963509216,10.481821118690771,,,,0.7846607138818236,0.03692734241485596,0.32182493805885315,0.6162006855010986,0.007322363555431366,174708.461262324,0.046889543533325195,0,2.747049331665039,0.1387317031621933
9450,0.010352601953957761,14.437480926513672,7.29070520401001,1466.604588045742,10.5182642424086,,,,0.884174485106366,0.03675980120897293,0.3365252614021301,0.6696709394454956,0.007099853456020356,174707.5729292724,0.0468897819519043,0,2.726055145263672,0.1401701122522354
9500,0.010407377625671824,14.480049133300781,7.346052646636963,1550.0657783173876,10.598113723412391,14.297917938232422,1391.75830078125,10.44269272665543,0.9149754464754395,0.012276734225451946,0.30892857909202576,0.5876783132553101,0.006880214810371399,131031.51251024884,0.06251931190490723,0,2.7451696395874023,0.13879439234733582
9550,0.010462153297385885,14.492955207824707,7.2750091552734375,1443.7644101454769,10.495619630734796,,,,0.884865312920627,0.24490343034267426,0.3119555115699768,0.7116227149963379,0.006663484871387482,131030.01345394085,0.06252002716064453,0,2.7558670043945312,0.13772904872894287
9600,0.010516928969099948,14.520901679992676,7.334283828735352,1531.9302625494274,10.581134908188611,,,,0.9901953195063087,0.028217393904924393,0.43257126212120056,0.8753584623336792,0.006449696421623231,174706.68460525447,0.0468900203704834,0,2.733152151107788,0.1402726173400879
9650,0.01057170464081401,14.459564208984375,7.296357154846191,1474.9172342787765,10.526418283851307,,,,0.9272308443498373,0.017048122361302376,0.3159995973110199,0.6436401009559631,0.006238880753517151,131032.0122033071,0.06251907348632812,0,2.7356319427490234,0.13989028334617615
9700,0.010626480312528072,14.371781349182129,7.330574989318848,1526.2591024202584,10.575784183954967,,,,0.833591025124776,0.02365158125758171,0.29410600662231445,0.6937553286552429,0.0060310795903205875,174708.461262324,0.046889543533325195,0,2.733166217803955,0.1401330679655075
9750,0.010681255984242135,14.442717552185059,7.2708048820495605,1437.707172158321,10.489554146604165,,,,0.8051846655130798,0.056543778628110886,0.33864834904670715,0.6299877166748047,0.005826322734355927,131030.51313556575,0.06251978874206543,0,2.749650478363037,0.13926999270915985
9800,0.010736031655956197,14.606998443603516,7.329032897949219,1523.907285255136,10.573559416383407,,,,0.8808686432266754,0.14820237457752228,0.3606204688549042,0.7323668003082275,0.005624641478061677,174708.461262324,0.046889543533325195,0,2.7348122596740723,0.14048033952713013
9850,0.010790807327670258,14.38003921508789,7.232913494110107,1384.2496378899798,10.434888429131517,,,,1.0431593295401964,0.5514944791793823,0.3634679615497589,0.738558292388916,0.005426071584224701,160924.99024888297,0.050905704498291016,0,2.7494258880615234,0.139102503657341
9900,0.010845582999384321,14.605897903442383,7.299468040466309,1479.5126773365462,10.530906343108223,,,,0.823853790838798,0.023907411843538284,0.30784478783607483,0.6706442832946777,0.005230636894702912,174709.34960440945,0.046889305114746094,0,2.7322957515716553,0.14042937755584717
9950,0.010900358671098384,14.479686737060547,7.251023292541504,1409.5464888777947,10.461015345519991,,,,0.8449679504178795,0.021177971735596657,0.3523178696632385,0.6626209616661072,0.0050383791327476505,131031.01282100173,0.06251955032348633,0,2.7433977127075195,0.13981199264526367
10000,0.010955134342812445,14.496983528137207,7.399470806121826,1635.1189060859613,10.67517983719462,14.270022201538087,1390.508544921875,10.44139707815689,0.8377457549513766,0.01022100355476141,0.3584553301334381,0.7250142693519592,0.004849325120449066,174706.68460525447,0.0468900203704834,0,2.7377262115478516,0.14038218557834625
10050,0.011009910014526508,14.558748245239258,7.309537887573242,1494.4864088535037,10.545434061591907,,,,1.0271448657144717,0.2839363217353821,0.33708667755126953,0.8587394952774048,0.004663503170013428,174710.2379555289,0.04688906669616699,0,2.7392361164093018,0.13947436213493347
10100,0.01106468568624057,14.35618782043457,7.321347236633301,1512.2399430360238,10.56247135091698,,,,0.9038653878304442,0.008791833184659481,0.3235589861869812,0.7583690881729126,0.0044809460639953615,174704.90798431914,0.0468904972076416,0,2.745518922805786,0.13968992233276367
10150,0.011119461357954632,14.383280754089355,7.31001615524292,1495.201344337267,10.546124055987168,,,,2.088468473411093,1.8658692836761475,0.39047566056251526,0.7984122633934021,0.004301677644252777,174704.01968740148,0.0468907356262207,0,2.733156681060791,0.14056706428527832
10200,0.011174237029668695,14.556769371032715,7.335443496704102,1533.7078234963014,10.582807955416206,,,,3.863326428362534,3.721743583679199,0.40089330077171326,0.848440945148468,0.00412573367357254,131032.51190017657,0.06251883506774902,0,2.7341485023498535,0.1403808891773224
10250,0.011229012701382757,14.452000617980957,7.302593231201172,1484.1436692452037,10.535415040283242,,,,0.8324723860914223,0.037417903542518616,0.28512459993362427,0.7658348679542542,0.003953139483928681,174711.12631568243,0.04688882827758789,0,2.7378029823303223,0.1395564079284668
10300,0.011283788373096819,14.410717964172363,7.310270309448242,1495.5814043416124,10.546490722998808,,,,0.8170456716529575,0.04736149683594704,0.30816641449928284,0.7242480516433716,0.003783923387527466,174709.34960440945,0.046889305114746094,0,2.7567315101623535,0.13875818252563477
10350,0.011338564044810881,14.281667709350586,7.288883209228516,1463.9348749799904,10.515635659572812,,,,0.8520202154316969,0.04773250222206116,0.28844359517097473,0.7514121532440186,0.0036181107163429263,174708.461262324,0.046889543533325195,0,2.76912260055542,0.1372450888156891
10400,0.011393339716524944,14.502223014831543,7.3453826904296875,1549.0276499166314,10.597147180914542,,,,0.9312875720196493,0.05681656673550606,0.316905677318573,0.788533091545105,0.0034557297825813294,174711.12631568243,0.04688882827758789,0,2.7407588958740234,0.13946333527565002
10450,0.011448115388239005,14.559053421020508,7.311440467834473,1497.3324957915556,10.548178904699677,,,,0.8767128274806788,0.016173575073480606,0.3233901262283325,0.7214066982269287,0.0032968029379844667,174711.12631568243,0.04688882827758789,0,2.736776113510132,0.13962730765342712
10500,0.011502891059953068,14.317134857177734,7.293569087982178,1470.810793586388,10.522395953612929,14.242406272888184,1380.8709716796875,10.43136278478883,1.0347362497619845,0.020122213289141655,0.34401699900627136,0.889595627784729,0.003141361474990845,174706.68460525447,0.0468900203704834,0,2.7520155906677246,0.13887804746627808
10550,0.01155766673166713,14.434649467468262,7.326395034790039,1519.8927236293466,10.569753784285114,,,,0.8592155432050796,0.008597900159657001,0.30574512481689453,0.7860161662101746,0.0029894277453422547,174707.5729292724,0.0468897819519043,0,2.7534265518188477,0.1385527402162552
10600,0.011612442403381192,14.49232006072998,7.298611640930176,1478.2461657633414,10.529670819744425,,,,4.140300645156267,4.058157920837402,0.29450690746307373,0.7371561527252197,0.0028410255908966064,174709.34960440945,0.046889305114746094,0,2.748995780944824,0.13885009288787842
10650,0.011667218075095255,14.341787338256836,7.363449573516846,1577.2680915806905,10.623212183548706,,,,1.0279523947317102,0.022686105221509933,0.3502834737300873,0.878958523273468,0.0026961803436279298,174711.12631568243,0.04688882827758789,0,2.7355644702911377,0.13954851031303406
10700,0.011721993746809318,14.364627838134766,7.2506022453308105,1408.9531281855081,10.460407902797144,,,,0.9351486727340953,0.1515779346227646,0.3255137801170349,0.8141232132911682,0.002554909884929657,174708.461262324,0.046889543533325195,0,2.762188196182251,0.13824111223220825
10750,0.011776769418523379,14.310005187988281,7.343749523162842,1546.4998933498339,10.594791018597721,,,,0.8894839194316293,0.02752799168229103,0.28201955556869507,0.799983024597168,0.0024172455072402955,131031.51251024884,0.06251931190490723,0,2.746946334838867,0.1391257643699646
10800,0.011831545090237441,14.265326499938965,7.267938613891602,1433.592217968575,10.485418995746821,,,,1.0079372175349681,0.01696188934147358,0.3059937655925751,0.837533175945282,0.0022832036018371584,174709.34960440945,0.046889305114746094,0,2.750214099884033,0.13956555724143982
10850,0.011886320761951504,14.046117782592773,7.23884391784668,1392.4832149691608,10.44344422204664,,,,0.9737711939978718,0.010771358385682106,0.2852734327316284,0.8520243167877197,0.0021528080105781555,174707.5729292724,0.0468897819519043,0,2.743197441101074,0.13913694024085999
10900,0.011941096433665565,14.200943946838379,7.234933853149414,1387.0491462122557,10.43780319109834,,,,0.9190401799479662,0.009687342680990696,0.2751002609729767,0.8546745181083679,0.0020260781049728396,174708.461262324,0.046889543533325195,0,2.74821138381958,0.13921767473220825
10950,0.011995872105379628,14.37114429473877,7.289963722229004,1465.5175305302428,10.517194510320232,,,,0.9020374027721672,0.012011858634650707,0.2977815270423889,0.8108842372894287,0.0019030332565307618,174708.461262324,0.046889543533325195,0,2.74185848236084,0.13909251987934113
11000,0.012050647777093691,14.107994079589844,7.289052963256836,1464.1834049160989,10.515880562867642,14.18770751953125,1378.632080078125,10.429021619359165,0.8940717365250185,0.01234089583158493,0.2818865180015564,0.7936636805534363,0.0017836958169937134,174704.90798431914,0.0468904972076416,0,2.7572736740112305,0.1383342146873474
11050,0.012105423448807752,14.386384010314941,7.291821002960205,1468.2419372117995,10.519874000020675,,,,0.9867945915884545,0.022998008877038956,0.34741485118865967,0.9120380282402039,0.0016680851578712464,174707.5729292724,0.0468897819519043,0,2.738015651702881,0.13976967334747314
11100,0.012160199120521815,14.180536270141602,7.297318935394287,1476.3364633688216,10.527805839878468,,,,0.9134077154538752,0.02886941097676754,0.29388099908828735,0.8238389492034912,0.0015562176704406738,174707.5729292724,0.0468897819519043,0,2.7586519718170166,0.13854756951332092
11150,0.012214974792235878,14.362568855285645,7.3103532791137695,1495.705497378407,10.546610422923807,,,,1.1071138341729219,0.029475724324584007,0.34085017442703247,1.00339674949646,0.0014481112360954286,174706.68460525447,0.0468900203704834,0,2.7433557510375977,0.13912536203861237
11200,0.012269750463949939,14.333518981933594,7.331001281738281,1526.9098738053108,10.576399193914453,,,,0.9550046080886384,0.025905592367053032,0.3213677704334259,0.8740879893302917,0.001343783736228943,131031.01282100173,0.06251955032348633,0,2.7493972778320312,0.13900919258594513
11250,0.012324526135664001,14.165937423706055,7.29268217086792,1469.5068846367762,10.521116402690508,,,,0.9238510299131778,0.0284443162381649,0.284760981798172,0.833085298538208,0.0012432545423507692,174709.34960440945,0.046889305114746094,0,2.7573466300964355,0.13888278603553772
11300,0.012379301807378064,14.298005104064941,7.282095432281494,1454.031660014079,10.505842967432685,,,,0.9522847223568132,0.014480200596153736,0.2871961295604706,0.8711440563201904,0.001146535575389862,131031.51251024884,0.06251931190490723,0,2.7551708221435547,0.13812841475009918
11350,0.012434077479092125,14.311334609985352,7.300748825073242,1481.4088284207971,10.532754124709093,,,,1.161371282676007,0.0260210782289505,0.3519115149974823,1.0882880687713623,0.001053646206855774,131032.51190017657,0.06251883506774902,0,2.745748996734619,0.13939890265464783
11400,0.012488853150806188,14.320646286010742,7.299710273742676,1479.8711079499624,10.531255811854777,,,,0.9955608439660288,0.03999732807278633,0.3349645137786865,0.9180297255516052,0.0009645983576774598,131033.51130534931,0.06251835823059082,0,2.7509775161743164,0.13884006440639496
11450,0.012543628822520251,14.251852989196777,7.295630931854248,1473.846504313448,10.525370565542252,,,,0.9272494898738839,0.025354914367198944,0.3102380335330963,0.8558414578437805,0.0008794084191322328,174680.03908470215,0.046897172927856445,0,2.759505271911621,0.13861988484859467
11500,0.012598404494234312,14.264744758605957,7.328092575073242,1522.4749938876491,10.5722028172334,14.141733741760254,1379.05419921875,10.42946327080658,1.0454747300138292,0.03752042353153229,0.30765974521636963,0.9110250473022461,0.0007980868220329285,174707.5729292724,0.0468897819519043,0,2.7508416175842285,0.13905936479568481
11550,0.012653180165948375,14.491537094116211,7.314598083496094,1502.067968798187,10.55273438115573,,,,0.9341998884853623,0.02266521379351616,0.3061884045600891,0.8564633131027222,0.0007206499576568604,131029.01410212409,0.06252050399780273,0,2.74526047706604,0.1392507553100586
11600,0.012707955837662438,14.252655982971191,7.289472579956055,1464.7979296469232,10.516485941798678,,,,1.1612257214692994,0.03302907198667526,0.3199911117553711,0.9546483159065247,0.0006471097469329834,131031.51251024884,0.06251931190490723,0,2.761592388153076,0.13770733773708344
11650,0.012762731509376499,14.263639450073242,7.323983192443848,1516.2313990404944,10.566274231292859,,,,0.9667127445785778,0.030579425394535065,0.3089119791984558,0.8873881101608276,0.0005774781107902527,174706.68460525447,0.0468900203704834,0,2.759207248687744,0.1384175717830658
11700,0.012817507181090562,14.231956481933594,7.29621696472168,1474.7104799408553,10.526216032253892,,,,0.9935229606562386,0.10729605704545975,0.30501043796539307,0.8864387273788452,0.0005117639899253845,174711.12631568243,0.04688882827758789,0,2.7456440925598145,0.1394798457622528
11750,0.012872282852804624,14.242057800292969,7.274662017822266,1443.2633124279707,10.495118817255483,,,,0.9563445800730604,0.03498021513223648,0.2974225878715515,0.8834632039070129,0.000449979305267334,174711.12631568243,0.04688882827758789,0,2.749420166015625,0.139043927192688
11800,0.012927058524518685,14.410685539245605,7.302651405334473,1484.2300105282463,10.535498967816864,,,,0.9463123124751485,0.09080196917057037,0.3153877258300781,0.857753574848175,0.0003921344876289368,174708.461262324,0.046889543533325195,0,2.755617141723633,0.1386023610830307
11850,0.012981834196232748,14.228597640991211,7.29152774810791,1467.8114312664331,10.519450922699553,,,,1.1705075091397217,0.15806424617767334,0.2857275605201721,1.0519055128097534,0.0003382399678230286,131031.01282100173,0.06251955032348633,0,2.7502994537353516,0.13884633779525757
11900,0.013036609867946811,14.26347827911377,7.293197154998779,1470.2638522589798,10.521859367742236,,,,1.459875708380002,0.2219030261039734,0.3219833970069885,0.942317008972168,0.00028830170631408695,174705.79629027008,0.0468902587890625,0,2.751905918121338,0.13952013850212097
11950,0.013091385539660872,14.274040222167969,7.348984241485596,1554.616610506999,10.60234312076241,,,,1.2755099311136147,0.28590041399002075,0.26530322432518005,0.8597575426101685,0.00024232864379882815,174734.22685109844,0.04688262939453125,0,2.767620086669922,0.13733112812042236
12000,0.013146161211374935,14.110550880432129,7.31923770904541,1509.0531936063792,10.559427945927311,14.118804168701171,1366.54931640625,10.416322145247213,1.0826434968021612,0.3447984755039215,0.28320008516311646,0.9409908652305603,0.00020032823085784914,174710.2379555289,0.04688906669616699,0,2.76800799369812,0.13780352473258972
12050,0.013200936883088998,14.271079063415527,7.312103271484375,1498.32526220314,10.549135128238474,,,,1.2903248637592226,0.27230405807495117,0.3037019371986389,0.9166192412376404,0.00016230791807174684,174709.34960440945,0.046889305114746094,0,2.7486138343811035,0.1397300511598587
12100,0.013255712554803059,14.386600494384766,7.297870635986328,1477.1511837899184,10.528601775586662,,,,1.1149080032163823,0.3937188386917114,0.3624403774738312,0.9595474600791931,0.0001282736659049988,174708.461262324,0.046889543533325195,0,2.759401798248291,0.13838337361812592
12150,0.013310488226517122,14.377264976501465,7.301699638366699,1482.8180414709889,10.534125858332375,,,,1.413727187215435,0.41020452976226807,0.3057786822319031,0.847057044506073,9.822994470596314e-05,174706.68460525447,0.0468900203704834,0,2.749826431274414,0.13946108520030975
12200,0.013365263898231184,14.224390983581543,7.298954963684082,1478.753768438711,10.530166129778909,,,,1.0125099628773038,0.3241921365261078,0.29929274320602417,0.8422204852104187,7.218271493911744e-05,174709.34960440945,0.046889305114746094,0,2.7452707290649414,0.13974323868751526
12250,0.013420039569945245,14.193127632141113,7.2469611167907715,1403.8322772347751,10.45515486470919,,,,1.011207231657027,0.18933875858783722,0.291158527135849,0.8915837407112122,5.013495683670044e-05,174710.2379555289,0.04688906669616699,0,2.7450449466705322,0.139380544424057
12300,0.013474815241659308,14.29634952545166,7.296525001525879,1475.1648150165854,10.526660435423722,,,,1.2529474617180318,0.2490352988243103,0.310651034116745,0.8966982364654541,3.209114074707031e-05,174716.45666632766,0.04688739776611328,0,2.740598678588867,0.13974013924598694
12350,0.013529590913373371,14.269918441772461,7.264767169952393,1429.0528625779293,10.480843569303266,,,,0.9621297248247157,0.2207949012517929,0.27768442034721375,0.8366072177886963,1.8052756786346436e-05,131030.51313556575,0.06251978874206543,0,2.751016616821289,0.13889683783054352
12400,0.013584366585087432,14.384937286376953,7.291311740875244,1467.4944076220224,10.51913929013619,,,,1.5439450643507335,0.1402713805437088,0.3298031687736511,0.8911624550819397,8.024275302886963e-06,174707.5729292724,0.0468897819519043,0,2.7545571327209473,0.1389664113521576
12450,0.013639142256801495,14.189398765563965,7.3086934089660645,1493.2248797946313,10.544215736493195,,,,1.4812250730557994,0.3953912556171417,0.3094787001609802,0.8832198977470398,2.0071864128112796e-06,150640.48282483747,0.05438113212585449,0,2.7507410049438477,0.13909876346588135
12500,0.013693917928515558,14.372384071350098,7.309876918792725,1494.9931723026582,10.54592318025096,14.116627311706543,1366.1865234375,10.415938692728849,1.0076160831273098,0.22021181881427765,0.314453125,0.8626562356948853,0.0,131032.51190017657,0.06251883506774902,0,2.7540645599365234,0.13858579099178314
