step,timestamp,train_loss_total,train_loss_ce,train_loss_belief_align,train_loss_self_consistency,train_loss_model_align,val_loss,val_ce,train_ppl,train_bpc,val_ppl,val_bpc,beta_mean,beta_std,kl_mean,kl_std,attention_entropy,attention_concentration,rg_modularity,rg_effective_rank,rg_n_clusters,rg_kl_within_mean,rg_kl_within_std,rg_kl_between_mean,rg_kl_between_std,rg_beta_entropy,rg_dynamic_n_iterations,rg_dynamic_modularity_init,rg_dynamic_modularity_final,rg_dynamic_modularity_change,rg_dynamic_rank_init,rg_dynamic_rank_final,rg_dynamic_rank_change,mu_lr,sigma_lr,phi_lr,ffn_lr,grad_norm_total,grad_norm_mu,grad_norm_ffn,alpha_mean,alpha_std,alpha_min,alpha_max,alpha_a0,alpha_b0,alpha_mahal_sq_mean,alpha_mahal_sq_std,step_time,tokens_per_sec
100,1770772899.191823,10.312719345092773,10.312719345092773,0,0,0,,,30113.21361958919,14.878109057245023,,,0,0,0,0,0,0,,,,,,,,,,,,,,,,0,0,0,1.4999999999999999e-05,1.4280462535253735,0.0,0.24586869000214034,,,,,,,,,0.18756580352783203,21837.66935635585
200,1770772910.2698333,9.726201057434082,9.726201057434082,0,0,0,,,16750.795981942018,14.031942032249143,,,0,0,0,0,0,0,,,,,,,,,,,,,,,,0,0,0,2.9999999999999997e-05,1.4356622510434418,0.0,0.10615323480888245,,,,,,,,,0.1937112808227539,21144.87077160904
300,1770772921.2350495,8.936822891235352,8.936822891235352,0,0,0,,,7606.990386568924,12.89311006648821,,,0,0,0,0,0,0,,,,,,,,,,,,,,,,0,0,0,4.4999999999999996e-05,1.3772776442114418,0.0,0.07464599036401741,,,,,,,,,0.20318841934204102,20158.629184003454
400,1770772932.1748805,8.067367553710938,8.067367553710938,0,0,0,,,3188.696698113356,11.638751162767297,,,0,0,0,0,0,0,,,,,,,,,,,,,,,,0,0,0,5.9999999999999995e-05,1.2001343317719542,0.0,0.06630065897004853,,,,,,,,,0.2031877040863037,20158.700145852476
500,1770772943.1419556,7.5778489112854,7.5778489112854,0,0,0,7.513424711227417,7.513424711227417,1954.4203089440684,10.932525044917277,1832.478759765625,10.839580570980386,0,0,0,0,0,0,,,,,,,,,,,,,,,,0,0,0,7.5e-05,0.47777292409187677,0.0,0.08373815646475388,,,,,,,,,0.21881842613220215,18718.716117285963
600,1770772974.3888826,7.318441390991211,7.318441390991211,0,0,0,,,1507.8519856388352,10.558279101819547,,,0,0,0,0,0,0,,,,,,,,,,,,,,,,0,0,0,8.999999999999999e-05,0.43747643605177,0.0,0.11920097635857332,,,,,,,,,0.2031877040863037,20158.700145852476
700,1770772985.3249557,7.050119400024414,7.050119400024414,0,0,0,,,1152.996402363537,10.171172296090296,,,0,0,0,0,0,0,,,,,,,,,,,,,,,,0,0,0,0.00010499999999999999,0.46049714635857514,0.0,0.1366449786434053,,,,,,,,,0.20897555351257324,19600.378757956296
800,1770772996.1557963,6.906410217285156,6.906410217285156,0,0,0,,,998.655842493061,9.963843770822164,,,0,0,0,0,0,0,,,,,,,,,,,,,,,,0,0,0,0.00011999999999999999,0.4418233938769747,0.0,0.1264244004695139,,,,,,,,,0.20318818092346191,20158.652837897618
900,1770773007.1123226,6.803811073303223,6.803811073303223,0,0,0,,,901.2755820776057,9.815824494599974,,,0,0,0,0,0,0,,,,,,,,,,,,,,,,0,0,0,0.000135,0.5386161609847739,0.0,0.19484078212574843,,,,,,,,,0.20318841934204102,20158.629184003454
1000,1770773018.0213072,6.7116618156433105,6.7116618156433105,0,0,0,6.5732913589477535,6.5732913589477535,821.9354102603666,9.68288121755242,715.7216186523438,9.4832548458722,0,0,0,0,0,0,,,,,,,,,,,,,,,,0,0,0,0.00015,0.5434927265888481,0.0,0.18396401629415673,,,,,,,,,0.20318865776062012,20158.6055301648
1100,1770773049.8724718,6.514802932739258,6.514802932739258,0,0,0,,,675.0609160085872,9.398873883431802,,,0,0,0,0,0,0,,,,,,,,,,,,,,,,0,0,0,0.000165,0.6329109485738211,0.0,0.22722064246958662,,,,,,,,,0.2031874656677246,20158.72379991317
1200,1770773060.8245642,6.423274040222168,6.423274040222168,0,0,0,,,616.0166794660187,9.266825604099338,,,0,0,0,0,0,0,,,,,,,,,,,,,,,,0,0,0,0.00017999999999999998,0.6285316530411339,0.0,0.23157066834828952,,,,,,,,,0.20318841934204102,20158.629184003454
1300,1770773071.757243,6.360118865966797,6.360118865966797,0,0,0,,,578.3150942911433,9.175711947394635,,,0,0,0,0,0,0,,,,,,,,,,,,,,,,0,0,0,0.000195,0.5951095213105485,0.0,0.2192984612791104,,,,,,,,,0.20318961143493652,20158.510915365292
1400,1770773082.705235,6.33320951461792,6.33320951461792,0,0,0,,,562.9605274710384,9.136889959650073,,,0,0,0,0,0,0,,,,,,,,,,,,,,,,0,0,0,0.00020999999999999998,0.6628859189913673,0.0,0.2669373305921202,,,,,,,,,0.20318865776062012,20158.6055301648
1500,1770773093.6427834,6.260889053344727,6.260889053344727,0,0,0,6.064504146575928,6.064504146575928,523.6843164982928,9.032553588816434,430.30926513671875,8.749230057715646,0,0,0,0,0,0,,,,,,,,,,,,,,,,0,0,0,0.000225,0.6473538043985558,0.0,0.26084939781337585,,,,,,,,,0.20318841934204102,20158.629184003454
1600,1770773124.6915398,6.1511735916137695,6.1511735916137695,0,0,0,,,469.26779248936,8.874267636268339,,,0,0,0,0,0,0,,,,,,,,,,,,,,,,0,0,0,0.00023999999999999998,0.7064015669897835,0.0,0.27854364158488204,,,,,,,,,0.20318913459777832,20158.55822265403
1700,1770773135.6140385,6.012760162353516,6.012760162353516,0,0,0,,,408.60959402837284,8.674579268282136,,,0,0,0,0,0,0,,,,,,,,,,,,,,,,0,0,0,0.00025499999999999996,0.6789678758573565,0.0,0.27686735167446164,,,,,,,,,0.20318865776062012,20158.6055301648
1800,1770773146.5051565,5.989034175872803,5.989034175872803,0,0,0,,,399.0290318903454,8.640349905246213,,,0,0,0,0,0,0,,,,,,,,,,,,,,,,0,0,0,0.00027,0.6362835153697914,0.0,0.24989169228552977,,,,,,,,,0.2031879425048828,20158.67649184729
1900,1770773157.4480805,5.805160045623779,5.805160045623779,0,0,0,,,332.00832557120907,8.375075609388174,,,0,0,0,0,0,0,,,,,,,,,,,,,,,,0,0,0,0.000285,0.6144148277467149,0.0,0.23064137856945494,,,,,,,,,0.20318889617919922,20158.58187638166
2000,1770773168.4184046,5.9760847091674805,5.9760847091674805,0,0,0,5.667794132232666,5.667794132232666,393.8951311072771,8.621667773848287,289.3954772949219,8.176898487351634,0,0,0,0,0,0,,,,,,,,,,,,,,,,0,0,0,0.0003,0.664843056710742,0.0,0.2529358065386694,,,,,,,,,0.20319819450378418,20157.659422134875
2100,1770773199.6428366,5.899056434631348,5.899056434631348,0,0,0,,,364.69319360057,8.510539464166776,,,0,0,0,0,0,0,,,,,,,,,,,,,,,,0,0,0,0.000299986007809639,0.6525249484651806,0.0,0.2627244050809981,,,,,,,,,0.2188093662261963,18719.491174640672
2200,1770773210.5469637,5.838597297668457,5.838597297668457,0,0,0,,,343.29745862981815,8.423315367093986,,,0,0,0,0,0,0,,,,,,,,,,,,,,,,0,0,0,0.00029994403123855586,0.6766734321366645,0.0,0.2692042228959561,,,,,,,,,0.20317959785461426,20159.50441505896
2300,1770773221.5036445,5.64612340927124,5.64612340927124,0,0,0,,,283.1915175653504,8.145634242802705,,,0,0,0,0,0,0,,,,,,,,,,,,,,,,0,0,0,0.00029987407922744746,0.6354104460174076,0.0,0.25199076279408666,,,,,,,,,0.20319008827209473,20158.463608298593
2400,1770773232.4696507,5.724047660827637,5.724047660827637,0,0,0,,,306.14157575686545,8.258055174088103,,,0,0,0,0,0,0,,,,,,,,,,,,,,,,0,0,0,0.0002997761696577072,0.6268276822892087,0.0,0.24398387837255647,,,,,,,,,0.21881794929504395,18718.756908178242
2500,1770773243.3588672,5.637782096862793,5.637782096862793,0,0,0,5.4103278636932375,5.4103278636932375,280.8391531882848,8.133600272756533,223.70492553710938,7.805453178533614,0,0,0,0,0,0,,,,,,,,,,,,,,,,0,0,0,0.0002996503114700317,0.6443821539653453,0.0,0.25769743475183415,,,,,,,,,0.20318841934204102,20158.629184003454
2600,1770773274.215421,5.594036102294922,5.594036102294922,0,0,0,,,268.8184117225611,8.07048814333471,,,0,0,0,0,0,0,,,,,,,,,,,,,,,,0,0,0,0.00029949654042720793,0.6716198331749706,0.0,0.268330059079826,,,,,,,,,0.2031879425048828,20158.67649184729
2700,1770773285.0365076,5.744256973266602,5.744256973266602,0,0,0,,,312.39142639370505,8.287211048923574,,,0,0,0,0,0,0,,,,,,,,,,,,,,,,0,0,0,0.00029931487441062926,0.684148810716193,0.0,0.2710166674535302,,,,,,,,,0.19446802139282227,21062.58895762685
2800,1770773295.9977658,5.475930213928223,5.475930213928223,0,0,0,,,238.87256620287832,7.900097363888287,,,0,0,0,0,0,0,,,,,,,,,,,,,,,,0,0,0,0.00029910534918308254,0.6543500029177762,0.0,0.2654978673026309,,,,,,,,,0.21881651878356934,18718.87928192176
2900,1770773306.9248393,5.539632797241211,5.539632797241211,0,0,0,,,254.58449816256814,7.992000764925752,,,0,0,0,0,0,0,,,,,,,,,,,,,,,,0,0,0,0.00029886800944805143,0.6971687571267694,0.0,0.27643264300674414,,,,,,,,,0.20318865776062012,20158.6055301648
3000,1770773317.8608131,5.400628566741943,5.400628566741943,0,0,0,5.2052579116821285,5.2052579116821285,221.54562866144272,7.791460050921872,182.2278594970703,7.509599775731849,0,0,0,0,0,0,,,,,,,,,,,,,,,,0,0,0,0.00029860289096832275,0.6687762665389932,0.0,0.2684987753070976,,,,,,,,,0.20318984985351562,20158.487261804188
3100,1770773349.6941361,5.447655200958252,5.447655200958252,0,0,0,,,232.21303414526471,7.8593051428954395,,,0,0,0,0,0,0,,,,,,,,,,,,,,,,0,0,0,0.0002983100563287735,0.7182804885160143,0.0,0.29033550787945706,,,,,,,,,0.20318937301635742,20158.534568981904
3200,1770773360.6319044,5.5420074462890625,5.5420074462890625,0,0,0,,,255.18976536289512,7.995426659330939,,,0,0,0,0,0,0,,,,,,,,,,,,,,,,0,0,0,0.0002979895412921905,0.6714268559812407,0.0,0.2781540888383925,,,,,,,,,0.20318889617919922,20158.58187638166
3300,1770773371.605304,5.498987197875977,5.498987197875977,0,0,0,,,244.44423321172852,7.933361560287569,,,0,0,0,0,0,0,,,,,,,,,,,,,,,,0,0,0,0.0002976414263248443,0.6973377519168709,0.0,0.276317620452433,,,,,,,,,0.2031879425048828,20158.67649184729
3400,1770773382.5302012,5.4991455078125,5.4991455078125,0,0,0,,,244.48293422606852,7.933589953247915,,,0,0,0,0,0,0,,,,,,,,,,,,,,,,0,0,0,0.0002972657561302185,0.6921409128618721,0.0,0.27707286931668357,,,,,,,,,0.2031872272491455,20158.747454029373
3500,1770773393.4694536,5.295491695404053,5.295491695404053,0,0,0,5.056524176597595,5.056524176597595,199.43566346143098,7.639779608028117,157.04373168945312,7.2950223537125,0,0,0,0,0,0,,,,,,,,,,,,,,,,0,0,0,0.00029686262011528015,0.6903794438847871,0.0,0.2791928729137614,,,,,,,,,0.2031872272491455,20158.747454029373
3600,1770773424.4253018,5.263546466827393,5.263546466827393,0,0,0,,,193.16533241418995,7.593692385180504,,,0,0,0,0,0,0,,,,,,,,,,,,,,,,0,0,0,0.0002964320808649063,0.6890757636350383,0.0,0.28037078806746685,,,,,,,,,0.2031874656677246,20158.72379991317
3700,1770773435.3628583,5.250497817993164,5.250497817993164,0,0,0,,,190.66115939320647,7.5748671642170615,,,0,0,0,0,0,0,,,,,,,,,,,,,,,,0,0,0,0.0002959742188453674,0.7043508869715407,0.0,0.2825514572454605,,,,,,,,,0.19365692138671875,21150.806130087065
3800,1770773446.3023508,5.185721397399902,5.185721397399902,0,0,0,,,178.70231868945146,7.481414543460625,,,0,0,0,0,0,0,,,,,,,,,,,,,,,,0,0,0,0.00029548912346363067,0.6982775540873107,0.0,0.28552346627864683,,,,,,,,,0.20318841934204102,20158.629184003454
3900,1770773457.1348944,5.353571891784668,5.353571891784668,0,0,0,,,211.361913030269,7.723571619320287,,,0,0,0,0,0,0,,,,,,,,,,,,,,,,0,0,0,0.0002949768930673599,0.7185965228502177,0.0,0.2898649770226534,,,,,,,,,0.2031877040863037,20158.700145852476
4000,1770773468.0742247,5.2209601402282715,5.2209601402282715,0,0,0,4.961630334854126,4.961630334854126,185.11183209024995,7.532253302986274,142.8264617919922,7.158119478818295,0,0,0,0,0,0,,,,,,,,,,,,,,,,0,0,0,0.00029443759918212887,0.7069315917432387,0.0,0.28380075360948115,,,,,,,,,0.2044084072113037,20038.31474390302
4100,1770773499.284725,5.262845039367676,5.262845039367676,0,0,0,,,193.02988845337921,7.5926804392628275,,,0,0,0,0,0,0,,,,,,,,,,,,,,,,0,0,0,0.00029387136697769164,0.701553747577442,0.0,0.28746128494790624,,,,,,,,,0.20319175720214844,20158.298035313666
4200,1770773510.2171204,5.004996299743652,5.004996299743652,0,0,0,,,149.15653123996523,7.22068334130778,,,0,0,0,0,0,0,,,,,,,,,,,,,,,,0,0,0,0.000293278294801712,0.7440170975088868,0.0,0.31513690184827176,,,,,,,,,0.20903372764587402,19594.923968150593
4300,1770773521.1301148,5.135293006896973,5.135293006896973,0,0,0,,,169.9140985843524,7.408661754562036,,,0,0,0,0,0,0,,,,,,,,,,,,,,,,0,0,0,0.0002926584899425506,0.71918040277999,0.0,0.29341639501640376,,,,,,,,,0.2031877040863037,20158.700145852476
4400,1770773532.0974803,5.197021484375,5.197021484375,0,0,0,,,180.73312295597805,7.4977171229012125,,,0,0,0,0,0,0,,,,,,,,,,,,,,,,0,0,0,0.0002920120686292648,0.7211125138595785,0.0,0.29684933907005523,,,,,,,,,0.2188260555267334,18718.063487186526
4500,1770773543.0188584,5.083081245422363,5.083081245422363,0,0,0,4.8468649959564205,4.8468649959564205,161.27020423728558,7.33333610520654,127.340576171875,6.992548093524634,0,0,0,0,0,0,,,,,,,,,,,,,,,,0,0,0,0.0002913391560316086,0.7116435205574457,0.0,0.2948349506060193,,,,,,,,,0.20535731315612793,19945.722589805777
4600,1770773574.1106765,5.191890716552734,5.191890716552734,0,0,0,,,179.8081980807279,7.490314989608077,,,0,0,0,0,0,0,,,,,,,,,,,,,,,,0,0,0,0.0002906398683786392,0.7207655508151581,0.0,0.2954454052007437,,,,,,,,,0.2031879425048828,20158.67649184729
4700,1770773585.010973,5.077001094818115,5.077001094818115,0,0,0,,,160.2926320123134,7.324564302081933,,,0,0,0,0,0,0,,,,,,,,,,,,,,,,0,0,0,0.0002899143487215042,0.7149374102003432,0.0,0.30061558827500695,,,,,,,,,0.20978450775146484,19524.79734515286
4800,1770773595.954589,5.140398979187012,5.140398979187012,0,0,0,,,170.7838939492279,7.416028115463792,,,0,0,0,0,0,0,,,,,,,,,,,,,,,,0,0,0,0.00028916271328926086,0.7352305873144929,0.0,0.30053349390213396,,,,,,,,,0.20318818092346191,20158.652837897618
4900,1770773606.8796763,5.14900016784668,5.14900016784668,0,0,0,,,172.25917392667915,7.428437007688845,,,0,0,0,0,0,0,,,,,,,,,,,,,,,,0,0,0,0.00028838512301445,0.735474590837879,0.0,0.3044313595271743,,,,,,,,,0.20318913459777832,20158.55822265403
5000,1770773617.838123,5.05229377746582,5.05229377746582,0,0,0,4.754644441604614,4.754644441604614,156.38075606307464,7.288919177864107,116.12235260009766,6.859501957093252,0,0,0,0,0,0,,,,,,,,,,,,,,,,0,0,0,0.00028758171200752257,0.7230095298597932,0.0,0.30061022189941633,,,,,,,,,0.20318889617919922,20158.58187638166
5100,1770773649.3781748,5.035147666931152,5.035147666931152,0,0,0,,,153.72229063483536,7.264182569225208,,,0,0,0,0,0,0,,,,,,,,,,,,,,,,0,0,0,0.00028675264120101924,0.7435006358849825,0.0,0.30948646266418744,,,,,,,,,0.21881771087646484,18718.777303691048
5200,1770773660.2999609,5.140904426574707,5.140904426574707,0,0,0,,,170.8702380416447,7.41675732190345,,,0,0,0,0,0,0,,,,,,,,,,,,,,,,0,0,0,0.0002858980447053909,0.7196114027967196,0.0,0.29926746383249725,,,,,,,,,0.2094249725341797,19558.316997422564
5300,1770773671.2303808,5.062929630279541,5.062929630279541,0,0,0,,,158.05287521136364,7.304263469974087,,,0,0,0,0,0,0,,,,,,,,,,,,,,,,0,0,0,0.0002850181013345718,0.7450224941670519,0.0,0.31231392142685155,,,,,,,,,0.2031877040863037,20158.700145852476
5400,1770773682.170053,5.056336879730225,5.056336879730225,0,0,0,,,157.0142993291023,7.29475214145077,,,0,0,0,0,0,0,,,,,,,,,,,,,,,,0,0,0,0.00028411296308040616,0.7350329634112779,0.0,0.30708075669663165,,,,,,,,,0.20317864418029785,20159.599039184784
5500,1770773693.107439,5.0771989822387695,5.0771989822387695,0,0,0,4.690576310157776,4.690576310157776,160.32435504650337,7.3248497932823655,108.91590881347656,6.767071181575876,0,0,0,0,0,0,,,,,,,,,,,,,,,,0,0,0,0.00028318280875682826,0.7449426028076225,0.0,0.3119145334417003,,,,,,,,,0.20317840576171875,20159.622695355036
5600,1770773724.1902492,5.090991497039795,5.090991497039795,0,0,0,,,162.5509509674018,7.344748185987192,,,0,0,0,0,0,0,,,,,,,,,,,,,,,,0,0,0,0.00028222780823707576,0.7345001256205498,0.0,0.3073685697513224,,,,,,,,,0.2031879425048828,20158.67649184729
5700,1770773735.1380577,4.963494300842285,4.963494300842285,0,0,0,,,143.09293307795477,7.1608086133057975,,,0,0,0,0,0,0,,,,,,,,,,,,,,,,0,0,0,0.00028124813139438626,0.7219012942076739,0.0,0.30482329475203995,,,,,,,,,0.21030926704406738,19476.079478427073
5800,1770773746.1066806,5.021387577056885,5.021387577056885,0,0,0,,,151.6215444741899,7.2443309558014155,,,0,0,0,0,0,0,,,,,,,,,,,,,,,,0,0,0,0.0002802439749240875,0.7318259956541017,0.0,0.30728557522160505,,,,,,,,,0.20319795608520508,20157.683073753276
5900,1770773757.0152857,4.943676948547363,4.943676948547363,0,0,0,,,140.2851235786355,7.132218217426364,,,0,0,0,0,0,0,,,,,,,,,,,,,,,,0,0,0,0.0002792155086994171,0.740156751045366,0.0,0.30729217340686144,,,,,,,,,0.2031872272491455,20158.747454029373
6000,1770773767.9529877,4.9416961669921875,4.9416961669921875,0,0,0,4.618952231407166,4.618952231407166,140.00752441579937,7.129360553699628,101.38774871826172,6.66373947835413,0,0,0,0,0,0,,,,,,,,,,,,,,,,0,0,0,0.0002781629472970962,0.7757992690136346,0.0,0.3215361954826572,,,,,,,,,0.20319747924804688,20157.73037715659
6100,1770773799.065849,5.071270942687988,5.071270942687988,0,0,0,,,159.37675740200228,7.31629744002026,,,0,0,0,0,0,0,,,,,,,,,,,,,,,,0,0,0,0.0002770864695310592,0.7668260398945074,0.0,0.31565645042548524,,,,,,,,,0.20319867134094238,20157.612119064575
6200,1770773809.6464913,5.010669231414795,5.010669231414795,0,0,0,,,150.00509068416247,7.228867651697039,,,0,0,0,0,0,0,,,,,,,,,,,,,,,,0,0,0,0.0002759862810373306,0.7458983928461805,0.0,0.3091923245376258,,,,,,,,,0.26570773124694824,15415.43402135027
6300,1770773820.0193596,4.82823371887207,4.82823371887207,0,0,0,,,124.9899980963948,6.965668842469613,,,0,0,0,0,0,0,,,,,,,,,,,,,,,,0,0,0,0.00027486258745193477,0.7547294928126335,0.0,0.31843138152747846,,,,,,,,,0.22774887084960938,17984.721437783697
6400,1770773830.9656203,4.8871283531188965,4.8871283531188965,0,0,0,,,132.57232600190503,7.050635839232479,,,0,0,0,0,0,0,,,,,,,,,,,,,,,,0,0,0,0.00027371559441089627,0.7491350870723033,0.0,0.31419072292364036,,,,,,,,,0.2031877040863037,20158.700145852476
6500,1770773841.9140918,4.813821792602539,4.813821792602539,0,0,0,4.5693658304214475,4.5693658304214475,123.20156976318489,6.944876827910903,96.48291778564453,6.592201423556503,0,0,0,0,0,0,,,,,,,,,,,,,,,,0,0,0,0.0002725455343723297,0.7685013877207661,0.0,0.32357834514367334,,,,,,,,,0.20318841934204102,20158.629184003454
6600,1770773880.872678,4.84637451171875,4.84637451171875,0,0,0,,,127.27810706635992,6.991840474347312,,,0,0,0,0,0,0,,,,,,,,,,,,,,,,0,0,0,0.00027135259509086606,0.7563898663384112,0.0,0.3186956381094053,,,,,,,,,0.3946380615234375,10379.130649963268
6700,1770773894.8774042,4.912199974060059,4.912199974060059,0,0,0,,,135.9381460821663,7.086806542431342,,,0,0,0,0,0,0,,,,,,,,,,,,,,,,0,0,0,0.0002701370269060135,0.7507157018097589,0.0,0.3165995313905832,,,,,,,,,0.20318841934204102,20158.629184003454
6800,1770773905.863245,4.851995944976807,4.851995944976807,0,0,0,,,127.99560725069794,6.9999504882313985,,,0,0,0,0,0,0,,,,,,,,,,,,,,,,0,0,0,0.0002688990354537964,0.7849817813746992,0.0,0.32714931636238376,,,,,,,,,0.21881747245788574,18718.7976992483
6900,1770773916.7831645,4.8603410720825195,4.8603410720825195,0,0,0,,,129.06821616624308,7.011989961722399,,,0,0,0,0,0,0,,,,,,,,,,,,,,,,0,0,0,0.0002676388621330261,0.7680942960467869,0.0,0.3219253707818313,,,,,,,,,0.20318841934204102,20158.629184003454
7000,1770773927.7559488,5.02041482925415,5.02041482925415,0,0,0,4.501672201156616,4.501672201156616,151.47412666175637,7.242927577370375,90.16779327392578,6.494540160316354,0,0,0,0,0,0,,,,,,,,,,,,,,,,0,0,0,0.000266356748342514,0.7517361354440955,0.0,0.3184322940944608,,,,,,,,,0.21881723403930664,18718.818094849998
7100,1770773959.4699636,5.004238128662109,5.004238128662109,0,0,0,,,149.0434879298552,7.219589531648292,,,0,0,0,0,0,0,,,,,,,,,,,,,,,,0,0,0,0.00026505292654037475,0.7624307503818456,0.0,0.3213909336430626,,,,,,,,,0.2031877040863037,20158.700145852476
7200,1770773970.4405346,4.877035140991211,4.877035140991211,0,0,0,,,131.2409754971996,7.036074412149227,,,0,0,0,0,0,0,,,,,,,,,,,,,,,,0,0,0,0.0002637276291847229,0.7580604134161065,0.0,0.3209859598743531,,,,,,,,,0.2347710132598877,17446.787587298073
7300,1770773981.332069,4.912097930908203,4.912097930908203,0,0,0,,,135.9242752330073,7.086659325282203,,,0,0,0,0,0,0,,,,,,,,,,,,,,,,0,0,0,0.0002623811244964599,0.7496393248530063,0.0,0.316618651112105,,,,,,,,,0.20317935943603516,20159.52807100714
7400,1770773992.283631,4.874352931976318,4.874352931976318,0,0,0,,,130.88943143767833,7.032204802504814,,,0,0,0,0,0,0,,,,,,,,,,,,,,,,0,0,0,0.00026101364493370056,0.776047976145649,0.0,0.3350420133270282,,,,,,,,,0.20318841934204102,20158.629184003454
7500,1770774003.2064188,4.87570858001709,4.87570858001709,0,0,0,4.465307984352112,4.465307984352112,131.0669917664273,7.034160589210425,86.94782257080078,6.442077685066685,0,0,0,0,0,0,,,,,,,,,,,,,,,,0,0,0,0.00025962545871734615,0.7839454261874065,0.0,0.33173084669532404,,,,,,,,,0.20318937301635742,20158.534568981904
7600,1770774034.3933663,4.907647132873535,4.907647132873535,0,0,0,,,135.32064804375796,7.080238181029589,,,0,0,0,0,0,0,,,,,,,,,,,,,,,,0,0,0,0.0002582168251276016,0.7704215819946721,0.0,0.32685972522984297,,,,,,,,,0.20318865776062012,20158.6055301648
7700,1770774045.3229442,4.716246604919434,4.716246604919434,0,0,0,,,111.74803002419215,6.804105588526677,,,0,0,0,0,0,0,,,,,,,,,,,,,,,,0,0,0,0.0002567879855632782,0.7628928914883731,0.0,0.31999275987064757,,,,,,,,,0.19441771507263184,21068.038982300506
7800,1770774056.3008327,4.755770206451416,4.755770206451416,0,0,0,,,116.2531576235177,6.86112609245494,,,0,0,0,0,0,0,,,,,,,,,,,,,,,,0,0,0,0.0002553392350673675,0.7538814208945178,0.0,0.321567534315865,,,,,,,,,0.21881771087646484,18718.777303691048
7900,1770774067.317104,4.816122055053711,4.816122055053711,0,0,0,,,123.48529190062352,6.948195405141952,,,0,0,0,0,0,0,,,,,,,,,,,,,,,,0,0,0,0.00025387083292007444,0.778830985989286,0.0,0.33051257969611225,,,,,,,,,0.20318841934204102,20158.629184003454
8000,1770774078.3031745,4.82451057434082,4.82451057434082,0,0,0,4.439088716506958,4.439088716506958,124.52550748791205,6.960297480317866,84.6977310180664,6.404251277370742,0,0,0,0,0,0,,,,,,,,,,,,,,,,0,0,0,0.0002523830473423004,0.7526188402213675,0.0,0.31753267178636774,,,,,,,,,0.21881794929504395,18718.756908178242
8100,1770774109.375341,4.6804656982421875,4.6804656982421875,0,0,0,,,107.82027259288103,6.752484651904903,,,0,0,0,0,0,0,,,,,,,,,,,,,,,,0,0,0,0.00025087615549564357,0.7718962377521049,0.0,0.3262157502213603,,,,,,,,,0.2031869888305664,20158.77110820109
8200,1770774120.1961417,4.833347320556641,4.833347320556641,0,0,0,,,125.63078412715674,6.973046210261025,,,0,0,0,0,0,0,,,,,,,,,,,,,,,,0,0,0,0.0002493504524230957,0.7668111820559932,0.0,0.3217957458261912,,,,,,,,,0.2095627784729004,19545.455685632045
8300,1770774131.1444664,4.65712308883667,4.65712308883667,0,0,0,,,105.33261326847659,6.718808385074155,,,0,0,0,0,0,0,,,,,,,,,,,,,,,,0,0,0,0.00024780621528625485,0.7813600850908422,0.0,0.3296657931676003,,,,,,,,,0.2031877040863037,20158.700145852476
8400,1770774142.0624633,4.973167419433594,4.973167419433594,0,0,0,,,144.4838041745167,7.174763973527409,,,0,0,0,0,0,0,,,,,,,,,,,,,,,,0,0,0,0.00024624372124671935,0.7825637580317877,0.0,0.33077427890189076,,,,,,,,,0.20318841934204102,20158.629184003454
8500,1770774153.0026693,4.851222991943359,4.851222991943359,0,0,0,4.41554717540741,4.41554717540741,127.89671088385282,6.998835352723204,82.72711181640625,6.37028801277154,0,0,0,0,0,0,,,,,,,,,,,,,,,,0,0,0,0.00024466328322887416,0.7772137231636441,0.0,0.32940871205840533,,,,,,,,,0.20318818092346191,20158.652837897618
8600,1770774184.163475,4.722537040710449,4.722537040710449,0,0,0,,,112.45318938644022,6.813180769047406,,,0,0,0,0,0,0,,,,,,,,,,,,,,,,0,0,0,0.00024306516945362089,0.7912802844910717,0.0,0.33179151378164434,,,,,,,,,0.20318841934204102,20158.629184003454
8700,1770774195.1042612,4.616191864013672,4.616191864013672,0,0,0,,,101.10826404824932,6.659757110004505,,,0,0,0,0,0,0,,,,,,,,,,,,,,,,0,0,0,0.00024144970178604125,0.7795541813020023,0.0,0.3338607028537742,,,,,,,,,0.20318841934204102,20158.629184003454
8800,1770774206.044096,4.690876007080078,4.690876007080078,0,0,0,,,108.94857774214881,6.767503552839451,,,0,0,0,0,0,0,,,,,,,,,,,,,,,,0,0,0,0.00023981716632843017,0.788148114286205,0.0,0.32978769435217087,,,,,,,,,0.20318818092346191,20158.652837897618
8900,1770774216.9823382,4.643660545349121,4.643660545349121,0,0,0,,,103.92407093652072,6.6993860403469165,,,0,0,0,0,0,0,,,,,,,,,,,,,,,,0,0,0,0.00023816788494586942,0.7794567106937172,0.0,0.3367437583354452,,,,,,,,,0.20318818092346191,20158.652837897618
9000,1770774227.9217722,4.429135322570801,4.429135322570801,0,0,0,4.370998220443726,4.370998220443726,83.858874675802,6.389891565299034,79.12258911132812,6.3060174563686475,0,0,0,0,0,0,,,,,,,,,,,,,,,,0,0,0,0.00023650214374065396,0.7733461557601703,0.0,0.33637610435086,,,,,,,,,0.20318937301635742,20158.534568981904
9100,1770774259.9098704,4.641329765319824,4.641329765319824,0,0,0,,,103.68212885383583,6.6960234355572466,,,0,0,0,0,0,0,,,,,,,,,,,,,,,,0,0,0,0.0002348202735185623,0.7872140340465442,0.0,0.34006348182589946,,,,,,,,,0.23444747924804688,17470.86389300184
9200,1770774270.810697,4.88026762008667,4.88026762008667,0,0,0,,,131.665895609656,7.0407378937100225,,,0,0,0,0,0,0,,,,,,,,,,,,,,,,0,0,0,0.00023312256932258603,0.7947182736519361,0.0,0.3348162843202043,,,,,,,,,0.20318865776062012,20158.6055301648
9300,1770774281.7684221,4.702042579650879,4.702042579650879,0,0,0,,,110.17197782252357,6.783613511711072,,,0,0,0,0,0,0,,,,,,,,,,,,,,,,0,0,0,0.0002314093619585037,0.791975538870028,0.0,0.33743786552748817,,,,,,,,,0.20318841934204102,20158.629184003454
9400,1770774292.6899753,4.8412065505981445,4.8412065505981445,0,0,0,,,126.62203549391235,6.984384682467108,,,0,0,0,0,0,0,,,,,,,,,,,,,,,,0,0,0,0.00022968096435070035,0.7952409986755671,0.0,0.33645981642556116,,,,,,,,,0.20318913459777832,20158.55822265403
9500,1770774303.6145737,4.71539306640625,4.71539306640625,0,0,0,4.360210742950439,4.360210742950439,111.6526894709993,6.8028741927465,78.27364349365234,6.290454416085382,0,0,0,0,0,0,,,,,,,,,,,,,,,,0,0,0,0.0002279377073049545,0.8043265952935569,0.0,0.33994459765915747,,,,,,,,,0.20437312126159668,20041.774450159413
9600,1770774334.6833513,4.569104194641113,4.569104194641113,0,0,0,,,96.45766376711963,6.591823962913695,,,0,0,0,0,0,0,,,,,,,,,,,,,,,,0,0,0,0.00022617990374565122,0.782026161429768,0.0,0.3382122957460289,,,,,,,,,0.1875591278076172,21838.44661615905
9700,1770774345.6205091,4.741569519042969,4.741569519042969,0,0,0,,,114.6139493606673,6.840638831153559,,,0,0,0,0,0,0,,,,,,,,,,,,,,,,0,0,0,0.000224407884478569,0.810693193010229,0.0,0.3442948108046665,,,,,,,,,0.2031877040863037,20158.700145852476
9800,1770774356.5625448,4.780496597290039,4.780496597290039,0,0,0,,,119.1635116308038,6.896798733896904,,,0,0,0,0,0,0,,,,,,,,,,,,,,,,0,0,0,0.00022262198030948636,0.8043284619280681,0.0,0.3398531003247338,,,,,,,,,0.20318841934204102,20158.629184003454
9900,1770774367.4991493,4.716940879821777,4.716940879821777,0,0,0,,,111.82564081531903,6.805107215485302,,,0,0,0,0,0,0,,,,,,,,,,,,,,,,0,0,0,0.0002208225443959236,0.7907915196818445,0.0,0.34093701647162467,,,,,,,,,0.20318841934204102,20158.629184003454
10000,1770774378.4856846,4.715295791625977,4.715295791625977,0,0,0,4.331109709739685,4.331109709739685,111.6418290083972,6.802733854903396,76.02859497070312,6.248470499787482,0,0,0,0,0,0,,,,,,,,,,,,,,,,0,0,0,0.00021900988072156904,0.7994691598637608,0.0,0.34160838468944404,,,,,,,,,0.2188253402709961,18718.12466932514
10100,1770774409.615432,4.662047386169434,4.662047386169434,0,0,0,,,105.85258156357924,6.725912644415996,,,0,0,0,0,0,0,,,,,,,,,,,,,,,,0,0,0,0.000217184342443943,0.7662484232660568,0.0,0.33048217906534516,,,,,,,,,0.20319461822509766,20158.01420223875
10200,1770774420.6101274,4.707984447479248,4.707984447479248,0,0,0,,,110.82855386542442,6.7921858149606775,,,0,0,0,0,0,0,,,,,,,,,,,,,,,,0,0,0,0.00021534626483917234,0.7889489917089888,0.0,0.3372336240303937,,,,,,,,,0.21881937980651855,18718.634536034737
10300,1770774431.50122,4.7681050300598145,4.7681050300598145,0,0,0,,,117.69600012687141,6.878921481305016,,,0,0,0,0,0,0,,,,,,,,,,,,,,,,0,0,0,0.00021349601894617078,0.7854358639323225,0.0,0.33649853648589617,,,,,,,,,0.2031877040863037,20158.700145852476
10400,1770774442.436021,4.591193199157715,4.591193199157715,0,0,0,,,98.61202377540369,6.62369166018797,,,0,0,0,0,0,0,,,,,,,,,,,,,,,,0,0,0,0.00021163390427827834,0.7992865870420449,0.0,0.3440302199922615,,,,,,,,,0.20318889617919922,20158.58187638166
10500,1770774453.3660502,4.627272605895996,4.627272605895996,0,0,0,4.3000151777267455,4.3000151777267455,102.23484879464685,6.675743241367504,73.70089721679688,6.20361057265365,0,0,0,0,0,0,,,,,,,,,,,,,,,,0,0,0,0.00020976029634475705,0.7979761571357569,0.0,0.34104981587997274,,,,,,,,,0.2031877040863037,20158.700145852476
10600,1770774484.6695027,4.52882194519043,4.52882194519043,0,0,0,,,92.64935075360681,6.533708961395342,,,0,0,0,0,0,0,,,,,,,,,,,,,,,,0,0,0,0.00020787554830312726,0.7895472817016588,0.0,0.34018957317363296,,,,,,,,,0.2031879425048828,20158.67649184729
10700,1770774495.610094,4.565512657165527,4.565512657165527,0,0,0,,,96.11185381930692,6.586642469608501,,,0,0,0,0,0,0,,,,,,,,,,,,,,,,0,0,0,0.00020597999095916747,0.7789248195691278,0.0,0.33610669794560066,,,,,,,,,0.19332003593444824,21187.66417666552
10800,1770774506.5821526,4.75027322769165,4.75027322769165,0,0,0,,,115.6158696692113,6.853195628458354,,,0,0,0,0,0,0,,,,,,,,,,,,,,,,0,0,0,0.00020407399088144301,0.7944742597764708,0.0,0.3420398649202654,,,,,,,,,0.21881818771362305,18718.73651270988
10900,1770774517.497872,4.673107147216797,4.673107147216797,0,0,0,,,107.02978360916022,6.741868506832444,,,0,0,0,0,0,0,,,,,,,,,,,,,,,,0,0,0,0.0002021579012274742,0.7997089869369685,0.0,0.34170523658053065,,,,,,,,,0.20318818092346191,20158.652837897618
11000,1770774528.4377494,4.669961452484131,4.669961452484131,0,0,0,4.273816051483155,4.273816051483155,106.69362957880186,6.7373302286414765,71.79508972167969,6.165813223146398,0,0,0,0,0,0,,,,,,,,,,,,,,,,0,0,0,0.00020023209303617477,0.7997190188840891,0.0,0.34605196626175794,,,,,,,,,0.2031877040863037,20158.700145852476
11100,1770774560.2516189,4.684843063354492,4.684843063354492,0,0,0,,,108.29327579109679,6.758799854844586,,,0,0,0,0,0,0,,,,,,,,,,,,,,,,0,0,0,0.00019829690158367156,0.7959781562855738,0.0,0.35019705080261,,,,,,,,,0.19373416900634766,21142.3726697679
11200,1770774571.2079346,4.672443866729736,4.672443866729736,0,0,0,,,106.95881638034878,6.740911595363044,,,0,0,0,0,0,0,,,,,,,,,,,,,,,,0,0,0,0.00019635269790887832,0.8024599316693006,0.0,0.3495651243483621,,,,,,,,,0.20318865776062012,20158.6055301648
11300,1770774582.1319158,4.45107364654541,4.45107364654541,0,0,0,,,85.71892644430235,6.421541876502618,,,0,0,0,0,0,0,,,,,,,,,,,,,,,,0,0,0,0.00019439984411001202,0.7970296191144428,0.0,0.34287670716009294,,,,,,,,,0.20318841934204102,20158.629184003454
11400,1770774593.0750773,4.747941017150879,4.747941017150879,0,0,0,,,115.34654330425873,6.849830959876874,,,0,0,0,0,0,0,,,,,,,,,,,,,,,,0,0,0,0.0001924387291073799,0.8164705109666404,0.0,0.35247299423480927,,,,,,,,,0.2031874656677246,20158.72379991317
11500,1770774603.9070015,4.628445625305176,4.628445625305176,0,0,0,4.256883759498596,4.256883759498596,102.35484262036177,6.677435550651994,70.58965301513672,6.141385089469391,0,0,0,0,0,0,,,,,,,,,,,,,,,,0,0,0,0.00019046967476606368,0.8002273694905027,0.0,0.34219507973712093,,,,,,,,,0.2031869888305664,20158.77110820109
11600,1770774634.8977208,4.614008903503418,4.614008903503418,0,0,0,,,100.88778943181487,6.656607763701905,,,0,0,0,0,0,0,,,,,,,,,,,,,,,,0,0,0,0.00018849307000637052,0.834217363317552,0.0,0.356505926240238,,,,,,,,,0.21881842613220215,18718.716117285963
11700,1770774645.787672,4.608316898345947,4.608316898345947,0,0,0,,,100.31516684542939,6.648395936088508,,,0,0,0,0,0,0,,,,,,,,,,,,,,,,0,0,0,0.00018650930151343343,0.7975509723256023,0.0,0.3511777405984829,,,,,,,,,0.20318841934204102,20158.629184003454
11800,1770774656.7622619,4.59501838684082,4.59501838684082,0,0,0,,,98.98995564349217,6.629210239488856,,,0,0,0,0,0,0,,,,,,,,,,,,,,,,0,0,0,0.00018451870679855344,0.8145722447606143,0.0,0.35190145628698655,,,,,,,,,0.20318889617919922,20158.58187638166
11900,1770774667.6995153,4.655774116516113,4.655774116516113,0,0,0,,,105.1906182839101,6.716862229396992,,,0,0,0,0,0,0,,,,,,,,,,,,,,,,0,0,0,0.0001825216680765152,0.7982999582355746,0.0,0.349187890513597,,,,,,,,,0.21881747245788574,18718.7976992483
12000,1770774678.7340615,4.437054634094238,4.437054634094238,0,0,0,4.253027968406677,4.253027968406677,84.52561580915513,6.401316716761152,70.31800842285156,6.135822358782376,0,0,0,0,0,0,,,,,,,,,,,,,,,,0,0,0,0.00018051856532692908,0.806803291729283,0.0,0.3495187870691729,,,,,,,,,0.2044663429260254,20032.636870127357
12100,1770774709.8462234,4.747134208679199,4.747134208679199,0,0,0,,,115.25351826768183,6.8486669812958345,,,0,0,0,0,0,0,,,,,,,,,,,,,,,,0,0,0,0.00017850978523492811,0.8254473407013024,0.0,0.3580167795340263,,,,,,,,,0.21881866455078125,18718.69572190649
12200,1770774720.7385447,4.577536582946777,4.577536582946777,0,0,0,,,97.27447122194567,6.603989327705127,,,0,0,0,0,0,0,,,,,,,,,,,,,,,,0,0,0,0.0001764956675469875,0.8143834793753593,0.0,0.35176835957360036,,,,,,,,,0.20318865776062012,20158.6055301648
12300,1770774731.6754537,4.532617568969727,4.532617568969727,0,0,0,,,93.00168106612504,6.539184888998814,,,0,0,0,0,0,0,,,,,,,,,,,,,,,,0,0,0,0.00017447660788893698,0.8247488684011005,0.0,0.35630382583495873,,,,,,,,,0.2031872272491455,20158.747454029373
12400,1770774742.6095135,4.596039772033691,4.596039772033691,0,0,0,,,99.09111417054595,6.630683786841448,,,0,0,0,0,0,0,,,,,,,,,,,,,,,,0,0,0,0.0001724529795348644,0.8033969690194477,0.0,0.3524445876367008,,,,,,,,,0.20317864418029785,20159.599039184784
12500,1770774753.548739,4.521312713623047,4.521312713623047,0,0,0,4.212919340133667,4.212919340133667,91.95623097967253,6.522875430252192,67.55345916748047,6.0779578396760465,0,0,0,0,0,0,,,,,,,,,,,,,,,,0,0,0,0.00017042518258094787,0.8092248567915871,0.0,0.3556845494167074,,,,,,,,,0.2031872272491455,20158.747454029373
12600,1770774784.5277805,4.404083251953125,4.404083251953125,0,0,0,,,81.78413302165431,6.353749067254912,,,0,0,0,0,0,0,,,,,,,,,,,,,,,,0,0,0,0.00016839355565607546,0.7964913099880297,0.0,0.34606759741037396,,,,,,,,,0.18756699562072754,21837.530565784473
12700,1770774794.5920665,4.520769119262695,4.520769119262695,0,0,0,,,91.90625767494667,6.522091189364257,,,0,0,0,0,0,0,,,,,,,,,,,,,,,,0,0,0,0.0001663584966212511,0.794831273338528,0.0,0.34728718935151404,,,,,,,,,0.1875591278076172,21838.44661615905
12800,1770774804.7024505,4.618842124938965,4.618842124938965,0,0,0,,,101.3765827298861,6.663580628298487,,,0,0,0,0,0,0,,,,,,,,,,,,,,,,0,0,0,0.0001643204044550657,0.8395113309602275,0.0,0.3605089567233629,,,,,,,,,0.20318841934204102,20158.629184003454
12900,1770774814.7212083,4.467001914978027,4.467001914978027,0,0,0,,,87.09521234210187,6.444521510380303,,,0,0,0,0,0,0,,,,,,,,,,,,,,,,0,0,0,0.00016227962225675582,0.8135507422400212,0.0,0.35208186861598895,,,,,,,,,0.18755841255187988,21838.529897276774
13000,1770774824.8003433,4.73048734664917,4.73048734664917,0,0,0,4.208350644111634,4.208350644111634,113.35079001775297,6.824650635998749,67.24553680419922,6.071366604581729,0,0,0,0,0,0,,,,,,,,,,,,,,,,0,0,0,0.00016023655012249946,0.8065499197598406,0.0,0.3497949277616489,,,,,,,,,0.20318841934204102,20158.629184003454
13100,1770774855.6278884,4.5714898109436035,4.5714898109436035,0,0,0,,,96.68804943894631,6.595265679722762,,,0,0,0,0,0,0,,,,,,,,,,,,,,,,0,0,0,0.00015819156691431998,0.8279285876778804,0.0,0.3597630249235944,,,,,,,,,0.19377970695495605,21137.40424301556
13200,1770774865.7224278,4.465673446655273,4.465673446655273,0,0,0,,,86.97958593145883,6.442604935719088,,,0,0,0,0,0,0,,,,,,,,,,,,,,,,0,0,0,0.00015614507384598253,0.8213560673362563,0.0,0.36073972643904395,,,,,,,,,0.20318889617919922,20158.58187638166
13300,1770774875.7698405,4.471593379974365,4.471593379974365,0,0,0,,,87.49602641867227,6.451145594160935,,,0,0,0,0,0,0,,,,,,,,,,,,,,,,0,0,0,0.0001540974162518978,0.8268727703792701,0.0,0.3598009565053928,,,,,,,,,0.20318961143493652,20158.510915365292
13400,1770774885.8497818,4.498570442199707,4.498570442199707,0,0,0,,,89.8885385455988,6.490065268051189,,,0,0,0,0,0,0,,,,,,,,,,,,,,,,0,0,0,0.0001520489943679422,0.8267029558583348,0.0,0.3629739800741693,,,,,,,,,0.18755054473876953,21839.446031495823
13500,1770774895.931733,4.439283847808838,4.439283847808838,0,0,0,4.18279001712799,4.18279001712799,84.71425164783406,6.404532792332287,65.5484619140625,6.034490414790414,0,0,0,0,0,0,,,,,,,,,,,,,,,,0,0,0,0.00015000019013862697,0.8141977336837283,0.0,0.35411372394028884,,,,,,,,,0.18756556510925293,21837.697114681832
13600,1770774926.0157351,4.628796577453613,4.628796577453613,0,0,0,,,102.39077057641028,6.677941867576135,,,0,0,0,0,0,0,,,,,,,,,,,,,,,,0,0,0,0.00014795140377245843,0.8167490697520517,0.0,0.35954966259057003,,,,,,,,,0.18755817413330078,21838.5576577905
13700,1770774936.080471,4.59659481048584,4.59659481048584,0,0,0,,,99.14612881538615,6.631484538063866,,,0,0,0,0,0,0,,,,,,,,,,,,,,,,0,0,0,0.00014590298160910604,0.8186016875359472,0.0,0.3611996500153399,,,,,,,,,0.18755865097045898,21838.50213683362
13800,1770774946.1278052,4.478641510009766,4.478641510009766,0,0,0,,,88.11488813749985,6.461313896410548,,,0,0,0,0,0,0,,,,,,,,,,,,,,,,0,0,0,0.0001438553240150213,0.8353823780853304,0.0,0.3612330662026355,,,,,,,,,0.18755841255187988,21838.529897276774
13900,1770774956.2240944,4.425663948059082,4.425663948059082,0,0,0,,,83.56827379973048,6.384883430505909,,,0,0,0,0,0,0,,,,,,,,,,,,,,,,0,0,0,0.00014180883038789033,0.8204622512256312,0.0,0.36225605098493846,,,,,,,,,0.20319795608520508,20157.683073753276
14000,1770774966.317554,4.599246978759766,4.599246978759766,0,0,0,4.179283556938171,4.179283556938171,99.40943003794905,6.635310808080262,65.31904602050781,6.029431662063487,0,0,0,0,0,0,,,,,,,,,,,,,,,,0,0,0,0.0001397638477385044,0.8473780437839381,0.0,0.3728996261992241,,,,,,,,,0.1875591278076172,21838.44661615905
14100,1770774996.5275548,4.554103374481201,4.554103374481201,0,0,0,,,95.02151831033521,6.570182354059723,,,0,0,0,0,0,0,,,,,,,,,,,,,,,,0,0,0,0.00013772077448666095,0.8320708012982424,0.0,0.35931676738472984,,,,,,,,,0.18755030632019043,21839.473794338726
14200,1770775006.5761042,4.547663688659668,4.547663688659668,0,0,0,,,94.41157561363568,6.560891851260114,,,0,0,0,0,0,0,,,,,,,,,,,,,,,,0,0,0,0.00013567999228835106,0.8456618713876909,0.0,0.373704805831904,,,,,,,,,0.18755769729614258,21838.613179029686
14300,1770775016.6752198,4.472702980041504,4.472702980041504,0,0,0,,,87.59316589848085,6.452746408675166,,,0,0,0,0,0,0,,,,,,,,,,,,,,,,0,0,0,0.0001336418990045786,0.808838708420959,0.0,0.3607475885631356,,,,,,,,,0.20318818092346191,20158.652837897618
14400,1770775026.7512138,4.566924095153809,4.566924095153809,0,0,0,,,96.24760552092938,6.588678744194716,,,0,0,0,0,0,0,,,,,,,,,,,,,,,,0,0,0,0.00013160683996975422,0.82596825413276,0.0,0.36448470696535573,,,,,,,,,0.20318865776062012,20158.6055301648
14500,1770775036.8161962,4.574051856994629,4.574051856994629,0,0,0,4.164228649139404,4.164228649139404,96.93608627941873,6.598961930855105,64.343017578125,6.007712021241166,0,0,0,0,0,0,,,,,,,,,,,,,,,,0,0,0,0.0001295752130448818,0.820485367970791,0.0,0.3609781717994217,,,,,,,,,0.20319652557373047,20157.82498462925
14600,1770775066.7907073,4.495466232299805,4.495466232299805,0,0,0,,,89.60993829490471,6.485586839822721,,,0,0,0,0,0,0,,,,,,,,,,,,,,,,0,0,0,0.00012754741385579107,0.8463505094781075,0.0,0.37254853714916125,,,,,,,,,0.18755745887756348,21838.640939755147
14700,1770775077.5217412,4.480915546417236,4.480915546417236,0,0,0,,,88.31549260564893,6.464594637458407,,,0,0,0,0,0,0,,,,,,,,,,,,,,,,0,0,0,0.00012552378550171852,0.814098747067248,0.0,0.36283065220690897,,,,,,,,,0.21882009506225586,18718.57335056298
14800,1770775088.5289514,4.5635247230529785,4.5635247230529785,0,0,0,,,95.92097957205225,6.583774486922713,,,0,0,0,0,0,0,,,,,,,,,,,,,,,,0,0,0,0.00012350472584366797,0.8469713015449878,0.0,0.37329830681647186,,,,,,,,,0.2031872272491455,20158.747454029373
14900,1770775099.4881663,4.528419494628906,4.528419494628906,0,0,0,,,92.61207147240823,6.533128347966029,,,0,0,0,0,0,0,,,,,,,,,,,,,,,,0,0,0,0.0001214906059205532,0.8219681504789823,0.0,0.3613177060257065,,,,,,,,,0.20318818092346191,20158.652837897618
15000,1770775110.395208,4.576475143432617,4.576475143432617,0,0,0,4.145925145149231,4.145925145149231,97.17127503241717,6.602457994181845,63.1760368347168,5.981305646803652,0,0,0,0,0,0,,,,,,,,,,,,,,,,0,0,0,0.00011948182582855223,0.8271373734505099,0.0,0.3644061650973973,,,,,,,,,0.20318841934204102,20158.629184003454
15100,1770775142.0551052,4.408608913421631,4.408608913421631,0,0,0,,,82.15509912153266,6.360278216612269,,,0,0,0,0,0,0,,,,,,,,,,,,,,,,0,0,0,0.00011747872084379195,0.8304754771972563,0.0,0.3661934127816654,,,,,,,,,0.20318937301635742,20158.534568981904
15200,1770775152.980904,4.592225074768066,4.592225074768066,0,0,0,,,98.71383163511516,6.625180342013839,,,0,0,0,0,0,0,,,,,,,,,,,,,,,,0,0,0,0.00011548168212175368,0.8543071375481174,0.0,0.3686115914145771,,,,,,,,,0.2031877040863037,20158.700145852476
15300,1770775163.9179697,4.57921028137207,4.57921028137207,0,0,0,,,97.43741567314918,6.606403964123241,,,0,0,0,0,0,0,,,,,,,,,,,,,,,,0,0,0,0.00011349108293652534,0.8351305749236493,0.0,0.37136993149462166,,,,,,,,,0.20318865776062012,20158.6055301648
15400,1770775174.8617735,4.658413887023926,4.658413887023926,0,0,0,,,105.46866420300208,6.720670613217698,,,0,0,0,0,0,0,,,,,,,,,,,,,,,,0,0,0,0.00011150731444358825,0.8419171936494567,0.0,0.3716931890634082,,,,,,,,,0.2031872272491455,20158.747454029373
15500,1770775185.768966,4.557568550109863,4.557568550109863,0,0,0,4.135866003036499,4.135866003036499,95.35135570198625,6.575181545755003,62.543739318847656,5.966793372362016,0,0,0,0,0,0,,,,,,,,,,,,,,,,0,0,0,0.0001095307096838951,0.8279420308971702,0.0,0.3625068051693713,,,,,,,,,0.20911264419555664,19587.5290839397
15600,1770775216.6879363,4.44408655166626,4.44408655166626,0,0,0,,,85.12208768492867,6.4114616293702476,,,0,0,0,0,0,0,,,,,,,,,,,,,,,,0,0,0,0.00010756165534257888,0.8312496054045017,0.0,0.36730679771498387,,,,,,,,,0.21881747245788574,18718.7976992483
15700,1770775227.501079,4.480082988739014,4.480082988739014,0,0,0,,,88.24199546372438,6.463393510624781,,,0,0,0,0,0,0,,,,,,,,,,,,,,,,0,0,0,0.00010560053586959837,0.8306559559756446,0.0,0.3705879419892449,,,,,,,,,0.20318818092346191,20158.652837897618
15800,1770775238.4078777,4.457062244415283,4.457062244415283,0,0,0,,,86.23380277951368,6.430181596951362,,,0,0,0,0,0,0,,,,,,,,,,,,,,,,0,0,0,0.00010364768207073211,0.8310529451529851,0.0,0.3684330632826839,,,,,,,,,0.20318937301635742,20158.534568981904
15900,1770775249.3193638,4.551794052124023,4.551794052124023,0,0,0,,,94.80233617220175,6.566850706147209,,,0,0,0,0,0,0,,,,,,,,,,,,,,,,0,0,0,0.0001017034739255905,0.84453497228597,0.0,0.37132017503698644,,,,,,,,,0.20319128036499023,20158.345341603246
16000,1770775260.2730193,4.419317722320557,4.419317722320557,0,0,0,4.116705770492554,4.116705770492554,83.03960995397935,6.375727762104576,61.35679244995117,5.939150999888587,0,0,0,0,0,0,,,,,,,,,,,,,,,,0,0,0,9.97682824730873e-05,0.857095981038885,0.0,0.3777076666702897,,,,,,,,,0.19365549087524414,21150.96236872884
16100,1770775291.4997838,4.5977678298950195,4.5977678298950195,0,0,0,,,99.2624973867847,6.633176847348356,,,0,0,0,0,0,0,,,,,,,,,,,,,,,,0,0,0,9.784247428178786e-05,0.871250709233099,0.0,0.38322753231594914,,,,,,,,,0.2031874656677246,20158.72379991317
16200,1770775302.409302,4.445056915283203,4.445056915283203,0,0,0,,,85.20472715049726,6.41286156814827,,,0,0,0,0,0,0,,,,,,,,,,,,,,,,0,0,0,9.592638015747069e-05,0.8500268443773579,0.0,0.3680326499059562,,,,,,,,,0.20318818092346191,20158.652837897618
16300,1770775313.3391466,4.514019012451172,4.514019012451172,0,0,0,,,91.28796972149102,6.512352843741802,,,0,0,0,0,0,0,,,,,,,,,,,,,,,,0,0,0,9.402037560939788e-05,0.8469085369037541,0.0,0.37321242563179224,,,,,,,,,0.20318865776062012,20158.6055301648
16400,1770775324.2747805,4.373687744140625,4.373687744140625,0,0,0,,,79.33566252574734,6.309897618868518,,,0,0,0,0,0,0,,,,,,,,,,,,,,,,0,0,0,9.212481826543807e-05,0.8331653976492787,0.0,0.3765901477754172,,,,,,,,,0.20436954498291016,20042.125162741428
16500,1770775335.214409,4.439883232116699,4.439883232116699,0,0,0,4.1100179481506345,4.1100179481506345,84.76504326125139,6.4053975211008245,60.94779968261719,5.929502511761553,0,0,0,0,0,0,,,,,,,,,,,,,,,,0,0,0,9.024007022380828e-05,0.8402502127940593,0.0,0.3705508802059463,,,,,,,,,0.20318818092346191,20158.652837897618
16600,1770775366.3578465,4.422415256500244,4.422415256500244,0,0,0,,,83.29722676654077,6.380196559304595,,,0,0,0,0,0,0,,,,,,,,,,,,,,,,0,0,0,8.836645781993866e-05,0.8394155611525272,0.0,0.3694812552825907,,,,,,,,,0.20318889617919922,20158.58187638166
16700,1770775377.2337325,4.464940071105957,4.464940071105957,0,0,0,,,86.91582061466711,6.44154689845098,,,0,0,0,0,0,0,,,,,,,,,,,,,,,,0,0,0,8.650436103343963e-05,0.8254630988813594,0.0,0.3691794808886642,,,,,,,,,0.20318818092346191,20158.652837897618
16800,1770775388.1090474,4.3583083152771,4.3583083152771,0,0,0,,,78.12485993922976,6.287709793115405,,,0,0,0,0,0,0,,,,,,,,,,,,,,,,0,0,0,8.465407490730285e-05,0.840179331564559,0.0,0.37040957953912707,,,,,,,,,0.21881937980651855,18718.634536034737
16900,1770775399.0167735,4.558088302612305,4.558088302612305,0,0,0,,,95.40092768918979,6.575931390112765,,,0,0,0,0,0,0,,,,,,,,,,,,,,,,0,0,0,8.281601518392562e-05,0.8437682561045999,0.0,0.3729066328315644,,,,,,,,,0.20318865776062012,20158.6055301648
17000,1770775409.9471912,4.512292861938477,4.512292861938477,0,0,0,4.094600768089294,4.094600768089294,91.13052886815072,6.509862534957309,60.0153694152832,5.907260222542566,0,0,0,0,0,0,,,,,,,,,,,,,,,,0,0,0,8.099049031734466e-05,0.8348505554009475,0.0,0.3709051691311976,,,,,,,,,0.20318055152893066,20159.409791821414
17100,1770775441.7950692,4.427112102508545,4.427112102508545,0,0,0,,,83.68938123723969,6.3869726757485905,,,0,0,0,0,0,0,,,,,,,,,,,,,,,,0,0,0,7.917780429124831e-05,0.8455948818230299,0.0,0.3767661252486738,,,,,,,,,0.2031879425048828,20158.67649184729
17200,1770775452.7376094,4.597599983215332,4.597599983215332,0,0,0,,,99.24583790433937,6.632934695775941,,,0,0,0,0,0,0,,,,,,,,,,,,,,,,0,0,0,7.737836837768554e-05,0.8449196907469789,0.0,0.37709491798845657,,,,,,,,,0.2031874656677246,20158.72379991317
17300,1770775463.7211416,4.54929256439209,4.54929256439209,0,0,0,,,94.56548565414745,6.563241822201504,,,0,0,0,0,0,0,,,,,,,,,,,,,,,,0,0,0,7.559244632720946e-05,0.8689180757236901,0.0,0.3831153308122743,,,,,,,,,0.21881771087646484,18718.777303691048
17400,1770775474.599353,4.441550254821777,4.441550254821777,0,0,0,,,84.90646635797064,6.4078025264904905,,,0,0,0,0,0,0,,,,,,,,,,,,,,,,0,0,0,7.382043600082397e-05,0.844254881000582,0.0,0.3774055416656913,,,,,,,,,0.2031877040863037,20158.700145852476
17500,1770775485.53073,4.454632759094238,4.454632759094238,0,0,0,4.078605904579162,4.078605904579162,86.02455330866471,6.426676590526778,59.063087463378906,5.884184512276803,0,0,0,0,0,0,,,,,,,,,,,,,,,,0,0,0,7.20626413822174e-05,0.8561985970773427,0.0,0.3769703092009152,,,,,,,,,0.19425535202026367,21085.64812964704
17600,1770775516.6706853,4.464721202850342,4.464721202850342,0,0,0,,,86.89679958224983,6.441231138303996,,,0,0,0,0,0,0,,,,,,,,,,,,,,,,0,0,0,7.03193575143814e-05,0.8463781057919135,0.0,0.37775711846130094,,,,,,,,,0.23444771766662598,17470.8461262324
17700,1770775527.5654988,4.46995210647583,4.46995210647583,0,0,0,,,87.35253929230333,6.448777737023856,,,0,0,0,0,0,0,,,,,,,,,,,,,,,,0,0,0,6.859096884727478e-05,0.8371984117038015,0.0,0.3762248414433075,,,,,,,,,0.20318818092346191,20158.652837897618
17800,1770775538.5401778,4.450809001922607,4.450809001922607,0,0,0,,,85.6962443928203,6.421160075017703,,,0,0,0,0,0,0,,,,,,,,,,,,,,,,0,0,0,6.687777042388916e-05,0.8450510737212655,0.0,0.3783118681993229,,,,,,,,,0.21881747245788574,18718.7976992483
17900,1770775549.4406905,4.268967628479004,4.268967628479004,0,0,0,,,71.44783681991473,6.158818427322178,,,0,0,0,0,0,0,,,,,,,,,,,,,,,,0,0,0,6.518004834651947e-05,0.8383652258140161,0.0,0.3804598655347199,,,,,,,,,0.20318889617919922,20158.58187638166
18000,1770775560.3671248,4.297100067138672,4.297100067138672,0,0,0,4.087915968894959,4.087915968894959,73.48637883991688,6.199404957064594,59.615516662597656,5.897616095895559,0,0,0,0,0,0,,,,,,,,,,,,,,,,0,0,0,6.349817812442779e-05,0.838123382565876,0.0,0.37722664872475414,,,,,,,,,0.19352388381958008,21165.346205115697
18100,1770775589.9081311,4.417723178863525,4.417723178863525,0,0,0,,,82.90730519812702,6.373427322166635,,,0,0,0,0,0,0,,,,,,,,,,,,,,,,0,0,0,6.183245480060577e-05,0.8470481579350878,0.0,0.37882921798115454,,,,,,,,,0.20318841934204102,20158.629184003454
18200,1770775600.8476715,4.605644226074219,4.605644226074219,0,0,0,,,100.0474152460885,6.644540085056163,,,0,0,0,0,0,0,,,,,,,,,,,,,,,,0,0,0,6.0183137655258174e-05,0.8551095857343503,0.0,0.38341926258921705,,,,,,,,,0.20318841934204102,20158.629184003454
18300,1770775611.7854764,4.520246505737305,4.520246505737305,0,0,0,,,91.85823877037514,6.521337217422875,,,0,0,0,0,0,0,,,,,,,,,,,,,,,,0,0,0,5.855062007904052e-05,0.8466090665692095,0.0,0.37502769785985285,,,,,,,,,0.20318937301635742,20158.534568981904
18400,1770775622.7406552,4.448251247406006,4.448251247406006,0,0,0,,,85.47733451487763,6.417470015260791,,,0,0,0,0,0,0,,,,,,,,,,,,,,,,0,0,0,5.693512558937072e-05,0.8614470511353626,0.0,0.3837033310625199,,,,,,,,,0.2031874656677246,20158.72379991317
18500,1770775633.6819956,4.473186016082764,4.473186016082764,0,0,0,4.071912007331848,4.071912007331848,87.63548677500931,6.453443282376463,58.66901779174805,5.874527259913882,0,0,0,0,0,0,,,,,,,,,,,,,,,,0,0,0,5.533702969551086e-05,0.8426765257506954,0.0,0.37945729737997236,,,,,,,,,0.2031877040863037,20158.700145852476
18600,1770775664.7471697,4.598715782165527,4.598715782165527,0,0,0,,,99.35663810996525,6.634544453388017,,,0,0,0,0,0,0,,,,,,,,,,,,,,,,0,0,0,5.37565916776657e-05,0.8638207454714933,0.0,0.38747054727276026,,,,,,,,,0.20318865776062012,20158.6055301648
18700,1770775675.696789,4.558527946472168,4.558527946472168,0,0,0,,,95.44287934249127,6.576565662129147,,,0,0,0,0,0,0,,,,,,,,,,,,,,,,0,0,0,5.219407975673675e-05,0.8482244959320422,0.0,0.3835165588787122,,,,,,,,,0.19870877265930176,20613.080867963694
18800,1770775686.6376867,4.397644996643066,4.397644996643066,0,0,0,,,81.25927728355795,6.3444606282471145,,,0,0,0,0,0,0,,,,,,,,,,,,,,,,0,0,0,5.064984261989593e-05,0.8607658540483112,0.0,0.3842060455170959,,,,,,,,,0.2031877040863037,20158.700145852476
18900,1770775697.6159735,4.526614189147949,4.526614189147949,0,0,0,,,92.44502921869207,6.5305238427013625,,,0,0,0,0,0,0,,,,,,,,,,,,,,,,0,0,0,4.912413954734802e-05,0.8589067630476215,0.0,0.3873965775466428,,,,,,,,,0.20318841934204102,20158.629184003454
19000,1770775708.5344238,4.459511756896973,4.459511756896973,0,0,0,4.06285758972168,4.06285758972168,86.44529247334124,6.433715496461291,58.14021682739258,5.861464496529554,0,0,0,0,0,0,,,,,,,,,,,,,,,,0,0,0,4.7617238759994504e-05,0.832376309026982,0.0,0.37150650194119683,,,,,,,,,0.21881723403930664,18718.818094849998
19100,1770775740.460711,4.338671684265137,4.338671684265137,0,0,0,,,76.60571514911797,6.2593801229346795,,,0,0,0,0,0,0,,,,,,,,,,,,,,,,0,0,0,4.6129453182220454e-05,0.8374748445349571,0.0,0.3776340407132905,,,,,,,,,0.2031877040863037,20158.700145852476
19200,1770775751.3860528,4.36221981048584,4.36221981048584,0,0,0,,,78.43104338172117,6.293352887855515,,,0,0,0,0,0,0,,,,,,,,,,,,,,,,0,0,0,4.466105997562408e-05,0.8457693347802854,0.0,0.3811395356639517,,,,,,,,,0.20318841934204102,20158.629184003454
19300,1770775762.3551972,4.557445526123047,4.557445526123047,0,0,0,,,95.33962591959654,6.575004059659313,,,0,0,0,0,0,0,,,,,,,,,,,,,,,,0,0,0,4.3212282657623285e-05,0.8356225289235214,0.0,0.3766426952066143,,,,,,,,,0.2031879425048828,20158.67649184729
19400,1770775773.2597358,4.236580848693848,4.236580848693848,0,0,0,,,69.17094113904987,6.11209418073577,,,0,0,0,0,0,0,,,,,,,,,,,,,,,,0,0,0,4.1783460974693296e-05,0.8446537640372507,0.0,0.3831605278400473,,,,,,,,,0.2031877040863037,20158.700145852476
19500,1770775784.19967,4.487184047698975,4.487184047698975,0,0,0,4.058274936676026,4.058274936676026,88.87083715477424,6.473638173171377,57.8743782043457,5.854853125706474,0,0,0,0,0,0,,,,,,,,,,,,,,,,0,0,0,4.0374800562858576e-05,0.8386612149484935,0.0,0.3759999898189427,,,,,,,,,0.20318865776062012,20158.6055301648
19600,1770775815.2986326,4.461209774017334,4.461209774017334,0,0,0,,,86.59220275272199,6.436165217340181,,,0,0,0,0,0,0,,,,,,,,,,,,,,,,0,0,0,3.898662328720093e-05,0.8513315811235812,0.0,0.3824624990735978,,,,,,,,,0.20318841934204102,20158.629184003454
19700,1770775826.2382784,4.46879768371582,4.46879768371582,0,0,0,,,87.25175571741877,6.4471122570329005,,,0,0,0,0,0,0,,,,,,,,,,,,,,,,0,0,0,3.761914372444153e-05,0.8477630962571703,0.0,0.3819856677494318,,,,,,,,,0.20318818092346191,20158.652837897618
19800,1770775837.1773086,4.457776069641113,4.457776069641113,0,0,0,,,86.29538061854964,6.431211429064729,,,0,0,0,0,0,0,,,,,,,,,,,,,,,,0,0,0,3.6272621154785154e-05,0.8503364402378073,0.0,0.383196328401255,,,,,,,,,0.2031872272491455,20158.747454029373
19900,1770775848.1003263,4.439647674560547,4.439647674560547,0,0,0,,,84.74507856632331,6.4050576833827195,,,0,0,0,0,0,0,,,,,,,,,,,,,,,,0,0,0,3.4947332739830015e-05,0.8547371121111995,0.0,0.3883552356653019,,,,,,,,,0.1875596046447754,21838.391095766776
20000,1770775858.9799762,4.521245002746582,4.521245002746582,0,0,0,4.05773853302002,4.05773853302002,91.9500047534705,6.522777744106502,57.84333801269531,5.85407925881204,0,0,0,0,0,0,,,,,,,,,,,,,,,,0,0,0,3.364351093769073e-05,0.8566347743162921,0.0,0.3847121282063003,,,,,,,,,0.2031879425048828,20158.67649184729
20100,1770775889.8150063,4.638324737548828,4.638324737548828,0,0,0,,,103.37102884346712,6.691688096894297,,,0,0,0,0,0,0,,,,,,,,,,,,,,,,0,0,0,3.236137926578522e-05,0.8785786419485695,0.0,0.3908209023113623,,,,,,,,,0.20318818092346191,20158.652837897618
20200,1770775900.7449691,4.393922805786133,4.393922805786133,0,0,0,,,80.95737695848847,6.339090641956574,,,0,0,0,0,0,0,,,,,,,,,,,,,,,,0,0,0,3.1101205945014954e-05,0.8534479369100791,0.0,0.3898658045931052,,,,,,,,,0.20318961143493652,20158.510915365292
20300,1770775911.682309,4.550875663757324,4.550875663757324,0,0,0,,,94.71531077719719,6.5655257518049615,,,0,0,0,0,0,0,,,,,,,,,,,,,,,,0,0,0,2.9999999999999997e-05,0.8779743830796034,0.0,0.39118574258285727,,,,,,,,,0.20318913459777832,20158.55822265403
20400,1770775922.6210036,4.453482627868652,4.453482627868652,0,0,0,,,85.92567065864924,6.425017301911254,,,0,0,0,0,0,0,,,,,,,,,,,,,,,,0,0,0,2.9999999999999997e-05,0.8660312683967136,0.0,0.3890562679176858,,,,,,,,,0.20318818092346191,20158.652837897618
20500,1770775933.5629828,4.435999870300293,4.435999870300293,0,0,0,4.0490203475952145,4.0490203475952145,84.43650825191249,6.399795014266318,57.341251373291016,5.841501575934123,0,0,0,0,0,0,,,,,,,,,,,,,,,,0,0,0,2.9999999999999997e-05,0.853812941887885,0.0,0.38613114684538685,,,,,,,,,0.20318865776062012,20158.6055301648
20600,1770775964.5665805,4.526509761810303,4.526509761810303,0,0,0,,,92.43537593445427,6.530373185899207,,,0,0,0,0,0,0,,,,,,,,,,,,,,,,0,0,0,2.9999999999999997e-05,0.8578665136519324,0.0,0.38804684759602276,,,,,,,,,0.1871495246887207,21886.24313533649
20700,1770775975.4728725,4.434449672698975,4.434449672698975,0,0,0,,,84.30571638217035,6.397558551874498,,,0,0,0,0,0,0,,,,,,,,,,,,,,,,0,0,0,2.9999999999999997e-05,0.8578135905263522,0.0,0.38613422608641995,,,,,,,,,0.20319724082946777,20157.754028941497
20800,1770775986.440989,4.386260032653809,4.386260032653809,0,0,0,,,80.33938971739745,6.328035597159112,,,0,0,0,0,0,0,,,,,,,,,,,,,,,,0,0,0,2.9999999999999997e-05,0.8475649634311682,0.0,0.38786712289198494,,,,,,,,,0.21881771087646484,18718.777303691048
20900,1770775997.3647237,4.395368576049805,4.395368576049805,0,0,0,,,81.07450737815611,6.341176447546238,,,0,0,0,0,0,0,,,,,,,,,,,,,,,,0,0,0,2.9999999999999997e-05,0.8512267306102643,0.0,0.3843546549378004,,,,,,,,,0.20318889617919922,20158.58187638166
21000,1770776008.291015,4.421624183654785,4.421624183654785,0,0,0,4.043945097923279,4.043945097923279,83.2313586490183,6.37905528243347,57.05098342895508,5.834179538401148,0,0,0,0,0,0,,,,,,,,,,,,,,,,0,0,0,2.9999999999999997e-05,0.8391183110103253,0.0,0.3767333634274539,,,,,,,,,0.21881866455078125,18718.69572190649
21100,1770776039.577358,4.521255970001221,4.521255970001221,0,0,0,,,91.95101319811657,6.522793566510381,,,0,0,0,0,0,0,,,,,,,,,,,,,,,,0,0,0,2.9999999999999997e-05,0.8515324875814845,0.0,0.3862425389739775,,,,,,,,,0.20441699028015137,20037.473374333877
21200,1770776050.5151858,4.43271541595459,4.43271541595459,0,0,0,,,84.15963533258046,6.3950565482697455,,,0,0,0,0,0,0,,,,,,,,,,,,,,,,0,0,0,2.9999999999999997e-05,0.8608781800652385,0.0,0.38721648278035625,,,,,,,,,0.20318841934204102,20158.629184003454
21300,1770776061.4525375,4.44554328918457,4.44554328918457,0,0,0,,,85.24617858568736,6.413563257363791,,,0,0,0,0,0,0,,,,,,,,,,,,,,,,0,0,0,2.9999999999999997e-05,0.850467707526545,0.0,0.38278018561124416,,,,,,,,,0.20318841934204102,20158.629184003454
21400,1770776072.3790593,4.40007209777832,4.40007209777832,0,0,0,,,81.45674130334066,6.347962195018681,,,0,0,0,0,0,0,,,,,,,,,,,,,,,,0,0,0,2.9999999999999997e-05,0.8555511777795034,0.0,0.38883461865557783,,,,,,,,,0.20318913459777832,20158.55822265403
21500,1770776083.3308172,4.426126003265381,4.426126003265381,0,0,0,4.038146901130676,4.038146901130676,83.60689587780004,6.385550035260653,56.72113800048828,5.825814508642361,0,0,0,0,0,0,,,,,,,,,,,,,,,,0,0,0,2.9999999999999997e-05,0.8672826257222326,0.0,0.3908926461843632,,,,,,,,,0.20317912101745605,20159.551727010836
21600,1770776114.27019,4.638814449310303,4.638814449310303,0,0,0,,,103.42166324920758,6.692394601624041,,,0,0,0,0,0,0,,,,,,,,,,,,,,,,0,0,0,2.9999999999999997e-05,0.8632525556900937,0.0,0.3923956234608343,,,,,,,,,0.20318865776062012,20158.6055301648
21700,1770776125.2131922,4.363804817199707,4.363804817199707,0,0,0,,,78.55545568317716,6.295639569181387,,,0,0,0,0,0,0,,,,,,,,,,,,,,,,0,0,0,2.9999999999999997e-05,0.8534186063447273,0.0,0.3847403381539324,,,,,,,,,0.20318984985351562,20158.487261804188
21800,1770776136.1515632,4.379118919372559,4.379118919372559,0,0,0,,,79.76772064067424,6.317733148441827,,,0,0,0,0,0,0,,,,,,,,,,,,,,,,0,0,0,2.9999999999999997e-05,0.8480725308691973,0.0,0.38049754447550593,,,,,,,,,0.20318841934204102,20158.629184003454
21900,1770776147.0919054,4.440530300140381,4.440530300140381,0,0,0,,,84.81990975953568,6.406331042929708,,,0,0,0,0,0,0,,,,,,,,,,,,,,,,0,0,0,2.9999999999999997e-05,0.8564826529991569,0.0,0.38982451531988943,,,,,,,,,0.20318865776062012,20158.6055301648
22000,1770776158.029752,4.463720798492432,4.463720798492432,0,0,0,4.035021786689758,4.035021786689758,86.80991111430686,6.439787859897955,56.544151306152344,5.821305921536239,0,0,0,0,0,0,,,,,,,,,,,,,,,,0,0,0,2.9999999999999997e-05,0.8936454096411026,0.0,0.3986820515870924,,,,,,,,,0.20318865776062012,20158.6055301648
22100,1770776189.002274,4.617756366729736,4.617756366729736,0,0,0,,,101.26657200629408,6.662014210314428,,,0,0,0,0,0,0,,,,,,,,,,,,,,,,0,0,0,2.9999999999999997e-05,0.8666981791007058,0.0,0.3887353800185632,,,,,,,,,0.21881794929504395,18718.756908178242
22200,1770776199.9240575,4.495094299316406,4.495094299316406,0,0,0,,,89.57661560050124,6.485050253952029,,,0,0,0,0,0,0,,,,,,,,,,,,,,,,0,0,0,2.9999999999999997e-05,0.8533065373069143,0.0,0.38396217593315773,,,,,,,,,0.2031877040863037,20158.700145852476
22300,1770776210.8449576,4.318192005157471,4.318192005157471,0,0,0,,,75.05281045582524,6.229834191447052,,,0,0,0,0,0,0,,,,,,,,,,,,,,,,0,0,0,2.9999999999999997e-05,0.8463888162947042,0.0,0.37921988020010533,,,,,,,,,0.20318913459777832,20158.55822265403
22400,1770776221.8153334,4.3341803550720215,4.3341803550720215,0,0,0,,,76.26242515556551,6.252900504580772,,,0,0,0,0,0,0,,,,,,,,,,,,,,,,0,0,0,2.9999999999999997e-05,0.862166884423055,0.0,0.3921099903613985,,,,,,,,,0.2031874656677246,20158.72379991317
22500,1770776232.7703128,4.406252861022949,4.406252861022949,0,0,0,4.038743200302124,4.038743200302124,81.96176524498797,6.356879151500616,56.75495910644531,5.826674786499897,0,0,0,0,0,0,,,,,,,,,,,,,,,,0,0,0,2.9999999999999997e-05,0.8702769235757166,0.0,0.39658599252537197,,,,,,,,,0.21881985664367676,18718.593745675786
22600,1770776262.2765105,4.453246593475342,4.453246593475342,0,0,0,,,85.90539163847278,6.424676776262546,,,0,0,0,0,0,0,,,,,,,,,,,,,,,,0,0,0,2.9999999999999997e-05,0.8668694992409566,0.0,0.39497053843706703,,,,,,,,,0.2031877040863037,20158.700145852476
22700,1770776273.2136712,4.359509468078613,4.359509468078613,0,0,0,,,78.2187562142113,6.289442690305498,,,0,0,0,0,0,0,,,,,,,,,,,,,,,,0,0,0,2.9999999999999997e-05,0.8547483943986953,0.0,0.38856570858866996,,,,,,,,,0.20318841934204102,20158.629184003454
22800,1770776284.1569924,4.402953147888184,4.402953147888184,0,0,0,,,81.69176064550872,6.3521186717247335,,,0,0,0,0,0,0,,,,,,,,,,,,,,,,0,0,0,2.9999999999999997e-05,0.8653764279664758,0.0,0.3951654046195881,,,,,,,,,0.20318889617919922,20158.58187638166
22900,1770776295.095358,4.30033016204834,4.30033016204834,0,0,0,,,73.72413059178389,6.204064998972372,,,0,0,0,0,0,0,,,,,,,,,,,,,,,,0,0,0,2.9999999999999997e-05,0.8536199448845082,0.0,0.38900566003833625,,,,,,,,,0.2031850814819336,20158.960343573257
23000,1770776306.033994,4.534935474395752,4.534935474395752,0,0,0,4.029807472229004,4.029807472229004,93.21750019483508,6.54252891966219,56.25008773803711,5.813783255922074,0,0,0,0,0,0,,,,,,,,,,,,,,,,0,0,0,2.9999999999999997e-05,0.876167494952201,0.0,0.4007396668408682,,,,,,,,,0.20317983627319336,20159.480759166298
23100,1770776337.8788192,4.546894550323486,4.546894550323486,0,0,0,,,94.33898797000006,6.559782219196747,,,0,0,0,0,0,0,,,,,,,,,,,,,,,,0,0,0,2.9999999999999997e-05,0.8741679273175598,0.0,0.4015965349532618,,,,,,,,,0.20319056510925293,20158.416301453926
23200,1770776348.8365612,4.258327007293701,4.258327007293701,0,0,0,,,70.69161790837973,6.143467255906163,,,0,0,0,0,0,0,,,,,,,,,,,,,,,,0,0,0,2.9999999999999997e-05,0.8532161359519199,0.0,0.3868593143000047,,,,,,,,,0.20318841934204102,20158.629184003454
23300,1770776359.8073745,4.249849796295166,4.249849796295166,0,0,0,,,70.09488304481434,6.131237225638007,,,0,0,0,0,0,0,,,,,,,,,,,,,,,,0,0,0,2.9999999999999997e-05,0.8497944207418423,0.0,0.38633957493248494,,,,,,,,,0.20640850067138672,19844.143950839745
23400,1770776370.7160587,4.395158767700195,4.395158767700195,0,0,0,,,81.05749905387432,6.340873758080719,,,0,0,0,0,0,0,,,,,,,,,,,,,,,,0,0,0,2.9999999999999997e-05,0.8656472070072752,0.0,0.39375209351684504,,,,,,,,,0.20318865776062012,20158.6055301648
23500,1770776381.6564713,4.549587249755859,4.549587249755859,0,0,0,4.026389541625977,4.026389541625977,94.59335682509887,6.563666963314437,56.05815505981445,5.808852224390984,0,0,0,0,0,0,,,,,,,,,,,,,,,,0,0,0,2.9999999999999997e-05,0.8750802549262112,0.0,0.39717404899085323,,,,,,,,,0.2031879425048828,20158.67649184729
23600,1770776412.8177419,4.416750907897949,4.416750907897949,0,0,0,,,82.82673600633858,6.372024631666198,,,0,0,0,0,0,0,,,,,,,,,,,,,,,,0,0,0,2.9999999999999997e-05,0.8592263748602521,0.0,0.3899029972775437,,,,,,,,,0.2031877040863037,20158.700145852476
23700,1770776423.7642524,4.417939186096191,4.417939186096191,0,0,0,,,82.92521571002108,6.3737389547299985,,,0,0,0,0,0,0,,,,,,,,,,,,,,,,0,0,0,2.9999999999999997e-05,0.8489589206865681,0.0,0.3898006418134501,,,,,,,,,0.20318889617919922,20158.58187638166
23800,1770776434.6917531,4.408389568328857,4.408389568328857,0,0,0,,,82.13708077988369,6.3599617685346805,,,0,0,0,0,0,0,,,,,,,,,,,,,,,,0,0,0,2.9999999999999997e-05,0.8605032470435277,0.0,0.3972189715004746,,,,,,,,,0.2031872272491455,20158.747454029373
23900,1770776445.6302097,4.264826774597168,4.264826774597168,0,0,0,,,71.15259346912774,6.152844437961807,,,0,0,0,0,0,0,,,,,,,,,,,,,,,,0,0,0,2.9999999999999997e-05,0.8603324669239055,0.0,0.38991655334435077,,,,,,,,,0.2031877040863037,20158.700145852476
24000,1770776456.5854352,4.513825416564941,4.513825416564941,0,0,0,4.0220974159240725,4.0220974159240725,91.2702984566879,6.5120735439168005,55.81806564331055,5.802659995925974,0,0,0,0,0,0,,,,,,,,,,,,,,,,0,0,0,2.9999999999999997e-05,0.8669051108407968,0.0,0.392856526427639,,,,,,,,,0.20318937301635742,20158.534568981904
24100,1770776487.685784,4.4742431640625,4.4742431640625,0,0,0,,,87.72817943910555,6.4549684245243135,,,0,0,0,0,0,0,,,,,,,,,,,,,,,,0,0,0,2.9999999999999997e-05,0.8591246347857588,0.0,0.38985187716811026,,,,,,,,,0.20318937301635742,20158.534568981904
24200,1770776498.6087055,4.51430082321167,4.51430082321167,0,0,0,,,91.31369927892536,6.5127594107284414,,,0,0,0,0,0,0,,,,,,,,,,,,,,,,0,0,0,2.9999999999999997e-05,0.8665092100962011,0.0,0.3928076997980247,,,,,,,,,0.2031872272491455,20158.747454029373
24300,1770776509.5474014,4.331576347351074,4.331576347351074,0,0,0,,,76.06409554962521,6.249143715555325,,,0,0,0,0,0,0,,,,,,,,,,,,,,,,0,0,0,2.9999999999999997e-05,0.86484359064097,0.0,0.39276044177723135,,,,,,,,,0.2031874656677246,20158.72379991317
24400,1770776520.5160868,4.434754371643066,4.434754371643066,0,0,0,,,84.33140815886274,6.397998139530103,,,0,0,0,0,0,0,,,,,,,,,,,,,,,,0,0,0,2.9999999999999997e-05,0.8716031422171505,0.0,0.39431209459445676,,,,,,,,,0.2188258171081543,18718.083881188293
24500,1770776531.5307164,4.378626823425293,4.378626823425293,0,0,0,4.018102474212647,4.018102474212647,79.72847692525293,6.3170232040590655,55.59552001953125,5.7968965133302595,0,0,0,0,0,0,,,,,,,,,,,,,,,,0,0,0,2.9999999999999997e-05,0.8720813185065797,0.0,0.39768692783181,,,,,,,,,0.2031872272491455,20158.747454029373
24600,1770776562.8017445,4.384668350219727,4.384668350219727,0,0,0,,,80.21161663607953,6.325739284804793,,,0,0,0,0,0,0,,,,,,,,,,,,,,,,0,0,0,2.9999999999999997e-05,0.8823876139369496,0.0,0.3983365326919504,,,,,,,,,0.2031877040863037,20158.700145852476
24700,1770776573.7401917,4.477470397949219,4.477470397949219,0,0,0,,,88.01175613064397,6.459624338848472,,,0,0,0,0,0,0,,,,,,,,,,,,,,,,0,0,0,2.9999999999999997e-05,0.8738017376180914,0.0,0.3946503273087665,,,,,,,,,0.20318841934204102,20158.629184003454
24800,1770776584.6802962,4.526387691497803,4.526387691497803,0,0,0,,,92.42409300789708,6.530197075664724,,,0,0,0,0,0,0,,,,,,,,,,,,,,,,0,0,0,2.9999999999999997e-05,0.8765869045095258,0.0,0.4000626143455196,,,,,,,,,0.20319008827209473,20158.463608298593
24900,1770776595.6205726,4.475552558898926,4.475552558898926,0,0,0,,,87.84312550274018,6.456857481961391,,,0,0,0,0,0,0,,,,,,,,,,,,,,,,0,0,0,2.9999999999999997e-05,0.8678161696309173,0.0,0.3926493229523642,,,,,,,,,0.20317935943603516,20159.52807100714
25000,1770776606.5756352,4.469408988952637,4.469408988952637,0,0,0,4.0152238178253175,4.0152238178253175,87.30510947866559,6.447994184066525,55.43571090698242,5.7927434900358366,0,0,0,0,0,0,,,,,,,,,,,,,,,,0,0,0,2.9999999999999997e-05,0.8900502567985838,0.0,0.4044878086881138,,,,,,,,,0.20318031311035156,20159.433447547523
