step,layer,iteration,grad_mu_norm,grad_sigma_norm,nat_grad_mu_norm,delta_mu_norm,mu_norm,sigma_mean,effective_lr,scale_mean,mu_diff_to_prior_norm,beta_entropy,mu_change_rel
49,0,0,62.66939926147461,18.412296295166016,153.12249755859375,16.295669555664062,67.51557159423828,2.381622076034546,0.10642243921756744,1.0,41.664085388183594,2.5087690353393555,
49,0,1,45.27436065673828,18.417524337768555,95.65225982666016,8.907103538513184,63.061161041259766,2.3811044692993164,0.09311963617801666,1.0,34.236793518066406,2.5180134773254395,0.14124547328383272
49,0,2,35.57515335083008,18.423137664794922,69.9317398071289,5.581729888916016,60.468116760253906,2.3806610107421875,0.07981683313846588,1.0,29.78780746459961,2.522148609161377,0.09230864440716033
49,0,3,29.492612838745117,18.427656173706055,55.358402252197266,3.682110071182251,58.86589431762695,2.38029146194458,0.0665140226483345,1.0,27.01095962524414,2.524277925491333,0.06255082188489171
49,0,4,25.488319396972656,18.43096351623535,46.357452392578125,2.4667365550994873,57.8488655090332,2.379995822906494,0.05321121960878372,1.0,25.251251220703125,2.525460958480835,0.042641053250869566
49,1,0,70.51661682128906,23.935333251953125,268.12725830078125,14.604058265686035,79.85246276855469,3.7353012561798096,0.054466888308525085,1.0,53.99656295776367,2.4973485469818115,
49,1,1,56.132659912109375,23.951082229614258,187.72007751464844,8.94646167755127,74.64485931396484,3.73486328125,0.0476585254073143,1.0,46.22472381591797,2.5046558380126953,0.11985368796426943
49,1,2,47.257057189941406,23.963403701782227,146.44496154785156,5.982301235198975,71.31561279296875,3.7344882488250732,0.040850166231393814,1.0,41.02214813232422,2.508821725845337,0.0838848745747571
49,1,3,41.33013916015625,23.973310470581055,121.479248046875,4.135373115539551,69.10685729980469,3.734175205230713,0.03404180705547333,1.0,37.44448471069336,2.5114359855651855,0.05984027166798737
49,1,4,37.24257278442383,23.98120880126953,105.35842895507812,2.8692729473114014,67.62616729736328,3.7339255809783936,0.027233444154262543,1.0,34.9805908203125,2.5131587982177734,0.0424284424440388
49,2,0,71.15990447998047,26.638952255249023,365.82623291015625,25.715023040771484,76.41851043701172,5.061217308044434,0.07029299437999725,1.0,47.5255012512207,2.491542339324951,
49,2,1,47.71535110473633,26.66360855102539,191.21603393554688,11.761003494262695,70.36196899414062,5.060446262359619,0.06150636821985245,1.0,37.565834045410156,2.5003674030303955,0.16715000533271873
49,2,2,36.76667404174805,26.68037223815918,129.83200073242188,6.844709873199463,67.13265228271484,5.05978536605835,0.05271974578499794,1.0,31.77560806274414,2.504392147064209,0.101957990877405
49,2,3,30.40164566040039,26.693267822265625,98.7094955444336,4.336616516113281,65.2389144897461,5.059235095977783,0.04393312335014343,1.0,28.169010162353516,2.506704330444336,0.0664728490559137
49,2,4,26.394451141357422,26.703275680541992,80.6689224243164,2.8352298736572266,64.07437896728516,5.0587944984436035,0.03514649718999863,1.0,25.85940170288086,2.508162498474121,0.044249045520689576
99,0,0,83.48686981201172,16.372955322265625,152.5724334716797,9.680153846740723,85.3205337524414,1.854463815689087,0.0634462833404541,1.0,72.99748992919922,2.470606803894043,
99,0,1,73.37419891357422,16.342729568481445,122.8077621459961,6.8177337646484375,80.8888931274414,1.8543049097061157,0.05551549792289734,1.0,67.0322036743164,2.4811649322509766,0.08428516574042083
99,0,2,66.33649444580078,16.318857192993164,105.65621185302734,5.027620315551758,77.64257049560547,1.8541687726974487,0.047584712505340576,1.0,62.585479736328125,2.4884872436523438,0.06475339859064538
99,0,3,61.212547302246094,16.300281524658203,94.02418518066406,3.7284281253814697,75.25106048583984,1.854055404663086,0.039653927087783813,1.0,59.266876220703125,2.4937071800231934,0.04954651935553242
99,0,4,57.44819641113281,16.28598403930664,85.91748046875,2.725572347640991,73.51306915283203,1.8539646863937378,0.03172314167022705,1.0,56.831993103027344,2.4974584579467773,0.037076024422321795
99,1,0,106.33931732177734,20.133440017700195,276.6280212402344,7.866562366485596,114.48876953125,2.4930214881896973,0.028437329456210136,1.0,100.9626693725586,2.422158718109131,
99,1,1,98.67400360107422,20.117712020874023,234.21432495117188,5.827876091003418,110.28487396240234,2.4928953647613525,0.024882663041353226,1.0,96.04608154296875,2.4307565689086914,0.05284383869778719
99,1,2,92.99876403808594,20.105619430541992,211.7598114013672,4.516412734985352,107.0179672241211,2.4927871227264404,0.021327996626496315,1.0,92.19065856933594,2.4373412132263184,0.04220237827078966
99,1,3,88.63629150390625,20.09642791748047,195.7677764892578,3.479445457458496,104.50011444091797,2.492696762084961,0.017773330211639404,1.0,89.19879913330078,2.4424262046813965,0.03329609231282456
99,1,4,85.29756927490234,20.089536666870117,184.03842163085938,2.6167807579040527,102.60623931884766,2.4926247596740723,0.014218664728105068,1.0,86.93655395507812,2.446333408355713,0.025503134848529112
99,2,0,109.84259796142578,22.83466339111328,388.5478210449219,14.6211576461792,112.96167755126953,3.2994613647460938,0.037630267441272736,1.0,99.2971420288086,2.441229820251465,
99,2,1,96.18421173095703,22.817419052124023,301.236328125,9.91865348815918,106.09184265136719,3.2992146015167236,0.03292648494243622,1.0,91.17515563964844,2.452566146850586,0.09349119818588096
99,2,2,86.90606689453125,22.806020736694336,249.718505859375,7.047730922698975,101.11355590820312,3.2990028858184814,0.02822270058095455,1.0,85.21247863769531,2.4603848457336426,0.06970114796872846
99,2,3,80.29499816894531,22.798667907714844,218.1241455078125,5.1300435066223145,97.49078369140625,3.2988266944885254,0.023518916219472885,1.0,80.80176544189453,2.4659948348999023,0.05262080487869046
99,2,4,75.50068664550781,22.794042587280273,197.44935607910156,3.715035915374756,94.87353515625,3.29868483543396,0.018815133720636368,1.0,77.58137512207031,2.470113754272461,0.039157765866384114
149,0,0,87.3211898803711,17.932294845581055,169.37841796875,10.952882766723633,84.49530792236328,1.8239116668701172,0.06466516107320786,1.0,75.12887573242188,2.448434352874756,
149,0,1,76.451904296875,17.893531799316406,132.024658203125,7.470221519470215,79.82243347167969,1.8237618207931519,0.0565820150077343,1.0,68.83554077148438,2.4616408348083496,0.09358548961282584
149,0,2,69.19514465332031,17.860530853271484,110.86080169677734,5.376623630523682,76.44542694091797,1.8236331939697266,0.04849886894226074,1.0,64.21109771728516,2.4708778858184814,0.07033283539610238
149,0,3,64.05718994140625,17.83310890197754,97.32848358154297,3.9336016178131104,73.97210693359375,1.8235260248184204,0.040415726602077484,1.0,60.783390045166016,2.477565288543701,0.053176822728770126
149,0,4,60.34229278564453,17.810955047607422,88.24335479736328,2.853135347366333,72.17868041992188,1.823440432548523,0.03233258053660393,1.0,58.276153564453125,2.482440948486328,0.039528782327025724
149,1,0,104.79629516601562,21.64592933654785,261.1407165527344,7.977109909057617,111.93395233154297,2.288912057876587,0.03054717183113098,1.0,100.11455535888672,2.3700008392333984,
149,1,1,97.34444427490234,21.628189086914062,223.7253875732422,5.979905605316162,107.92498016357422,2.2887985706329346,0.02672877535223961,1.0,95.39415740966797,2.3803791999816895,0.055407984284071815
149,1,2,91.8586196899414,21.615373611450195,199.0289764404297,4.5598297119140625,104.841796875,2.2887015342712402,0.022910378873348236,1.0,91.7394790649414,2.3884317874908447,0.04349247504865392
149,1,3,87.72832489013672,21.6060733795166,181.78863525390625,3.470705270767212,102.48078918457031,2.2886202335357666,0.019091982394456863,1.0,88.92688751220703,2.394744873046875,0.033866886643288054
149,1,4,84.61466217041016,21.599361419677734,169.49391174316406,2.588779926300049,100.71160888671875,2.28855562210083,0.01527358591556549,1.0,86.81159210205078,2.399660587310791,0.025704881042610303
149,2,0,107.60601043701172,23.26470184326172,366.57904052734375,14.8067626953125,109.17605590820312,2.9565627574920654,0.04039173200726509,1.0,96.68814086914062,2.4054198265075684,
149,2,1,94.24057006835938,23.245420455932617,271.1014709472656,9.581475257873535,102.75521850585938,2.956343412399292,0.03534276410937309,1.0,89.15786743164062,2.4197425842285156,0.09324563166974063
149,2,2,85.6736068725586,23.23495864868164,222.84463500976562,6.750810623168945,98.17060089111328,2.9561550617218018,0.030293799936771393,1.0,83.70913696289062,2.4299564361572266,0.06876611288107527
149,2,3,79.6880111694336,23.229122161865234,193.23419189453125,4.878164768218994,94.83385467529297,2.955998420715332,0.025244832038879395,1.0,79.70265197753906,2.4375391006469727,0.05143906450293758
149,2,4,75.38903045654297,23.22595977783203,173.78660583496094,3.5097711086273193,92.42229461669922,2.9558732509613037,0.020195866003632545,1.0,76.78426361083984,2.443215847015381,0.03797537296388881
199,0,0,86.85220336914062,20.42965316772461,173.19947814941406,11.773056030273438,78.6454086303711,1.9781547784805298,0.06797396391630173,1.0,69.15831756591797,2.469231605529785,
199,0,1,74.40747833251953,20.38459014892578,130.2940673828125,7.749528884887695,73.83069610595703,1.9779666662216187,0.05947721749544144,1.0,62.530860900878906,2.4818978309631348,0.10496350830441094
199,0,2,66.32477569580078,20.347532272338867,107.77355194091797,5.4943461418151855,70.44474792480469,1.9778053760528564,0.050980471074581146,1.0,57.73550033569336,2.4902548789978027,0.07799511394234956
199,0,3,60.6509895324707,20.31824493408203,93.6618423461914,3.9791042804718018,68.027099609375,1.9776710271835327,0.042483728379011154,1.0,54.227596282958984,2.495978832244873,0.058492928593688
199,0,4,56.566551208496094,20.295454025268555,84.25496673583984,2.863572120666504,66.30859375,1.9775629043579102,0.033986981958150864,1.0,51.6896858215332,2.49996280670166,0.04318553536259618
199,1,0,102.9998779296875,24.744237899780273,265.3847351074219,8.745551109313965,102.92720031738281,2.4999730587005615,0.03295423462986946,1.0,91.09400939941406,2.4065003395080566,
199,1,1,94.03694915771484,24.730661392211914,216.5266876220703,6.243537425994873,98.66902160644531,2.499833583831787,0.028834955766797066,1.0,86.06615447998047,2.417207717895508,0.06327758524114376
199,1,2,87.8900146484375,24.720550537109375,190.03160095214844,4.6967597007751465,95.45134735107422,2.4997141361236572,0.02471567690372467,1.0,82.21856689453125,2.425316572189331,0.04920580282481879
199,1,3,83.3349380493164,24.712947845458984,172.06277465820312,3.5438730716705322,93.02017974853516,2.4996144771575928,0.020596396178007126,1.0,79.28299713134766,2.431544303894043,0.038097895326259686
199,1,4,79.93359375,24.707277297973633,159.41416931152344,2.6266860961914062,91.21730041503906,2.4995346069335938,0.01647711731493473,1.0,77.08979797363281,2.4363107681274414,0.028795920115504577
199,2,0,106.69854736328125,25.839191436767578,344.9191589355469,15.079477310180664,103.834716796875,3.0769429206848145,0.04371887445449829,1.0,91.27742004394531,2.404038906097412,
199,2,1,92.27656555175781,25.8240966796875,251.07687377929688,9.604698181152344,97.51313781738281,3.0766944885253906,0.038254015147686005,1.0,83.78507232666016,2.419116973876953,0.09849645283853468
199,2,2,83.33329772949219,25.816545486450195,204.25282287597656,6.697278022766113,93.0383071899414,3.076481580734253,0.03278915584087372,1.0,78.39708709716797,2.4296975135803223,0.0719840915460071
199,2,3,77.16754913330078,25.81256675720215,175.5302734375,4.796241283416748,89.81827545166016,3.0763041973114014,0.027324296534061432,1.0,74.45748138427734,2.4374489784240723,0.05339938650488691
199,2,4,72.78787994384766,25.810710906982422,157.1137237548828,3.434417486190796,87.50684356689453,3.076162099838257,0.021859437227249146,1.0,71.60090637207031,2.44320011138916,0.03924741592550855
249,0,0,84.39640808105469,21.26653289794922,190.13482666015625,13.52030086517334,74.1566162109375,2.0881450176239014,0.07110901921987534,1.0,65.99794006347656,2.475602626800537,
249,0,1,70.61890411376953,21.240537643432617,135.9676513671875,8.459959983825684,69.13190460205078,2.0879299640655518,0.062220390886068344,1.0,59.190975189208984,2.489103317260742,0.12237417775917865
249,0,2,62.2032356262207,21.220685958862305,109.19351959228516,5.823482990264893,65.66780853271484,2.087745189666748,0.05333176255226135,1.0,54.37973403930664,2.4976706504821777,0.088680940014572
249,0,3,56.52508544921875,21.206920623779297,91.73261260986328,4.076885223388672,63.255401611328125,2.0875909328460693,0.04444313794374466,1.0,50.919837951660156,2.50325608253479,0.06445117917035008
249,0,4,52.62667465209961,21.19528579711914,80.69718933105469,2.8691489696502686,61.55625534057617,2.0874671936035156,0.03555450960993767,1.0,48.44706726074219,2.5070271492004395,0.046610193445164025
249,1,0,100.05327606201172,25.83173370361328,293.72882080078125,10.356307029724121,97.4114990234375,2.6923530101776123,0.035258058458566666,1.0,87.39441680908203,2.4179351329803467,
249,1,1,90.3180923461914,25.841516494750977,224.0968017578125,6.9135661125183105,92.89521789550781,2.6921913623809814,0.03085080161690712,1.0,82.08319091796875,2.4295716285705566,0.07442327246113711
249,1,2,83.98534393310547,25.850208282470703,189.14797973632812,5.001743316650391,89.55886840820312,2.6920528411865234,0.026443544775247574,1.0,78.11186981201172,2.4381442070007324,0.05584866585511448
249,1,3,79.58357238769531,25.853870391845703,167.93544006347656,3.7006733417510986,87.07743072509766,2.6919374465942383,0.02203628607094288,1.0,75.12890625,2.4445202350616455,0.042498651034033046
249,1,4,76.40784454345703,25.850479125976562,153.76065063476562,2.710651159286499,85.25654602050781,2.691844940185547,0.017629029229283333,1.0,72.92426300048828,2.4493210315704346,0.031794053189963055
249,2,0,105.82563018798828,27.159954071044922,376.25701904296875,17.558025360107422,98.75835418701172,3.294039249420166,0.046664975583553314,1.0,88.18987274169922,2.4078621864318848,
249,2,1,92.05907440185547,27.205408096313477,282.91912841796875,11.552111625671387,92.36721801757812,3.293755054473877,0.040831852704286575,1.0,80.60411834716797,2.42374324798584,0.12506722484834681
249,2,2,85.02366638183594,27.22330093383789,256.1600341796875,8.965276718139648,87.89797973632812,3.293511152267456,0.034998729825019836,1.0,75.25547790527344,2.434816360473633,0.10199638023921534
249,2,3,79.5489273071289,27.176918029785156,224.36007690429688,6.543598651885986,84.72566986083984,3.2933080196380615,0.029165610671043396,1.0,71.3788833618164,2.442361354827881,0.07723277563767138
249,2,4,72.26333618164062,27.05119514465332,172.8631591796875,4.033327579498291,82.44791412353516,3.2931458950042725,0.023332487791776657,1.0,68.58792877197266,2.4482007026672363,0.04891970429919902
299,0,0,89.88117218017578,23.533851623535156,185.22796630859375,13.748241424560547,74.3770751953125,2.056959390640259,0.0742233544588089,1.0,67.44849395751953,2.4695796966552734,
299,0,1,74.52206420898438,23.493595123291016,134.83164978027344,8.75670051574707,69.3731460571289,2.0567433834075928,0.06494543701410294,1.0,60.6519889831543,2.4835827350616455,0.12622608332154422
299,0,2,65.91228485107422,23.45214080810547,117.73279571533203,6.553892612457275,65.87203979492188,2.0565574169158936,0.055667515844106674,1.0,55.812591552734375,2.492783546447754,0.09949430185958166
299,0,3,59.958683013916016,23.421091079711914,104.90538787841797,4.866518497467041,63.40328598022461,2.0564022064208984,0.04638959467411041,1.0,52.2967529296875,2.498940944671631,0.07675498866442586
299,0,4,55.588661193847656,23.395416259765625,86.73435974121094,3.2188572883605957,61.644615173339844,2.0562779903411865,0.03711167722940445,1.0,49.76591110229492,2.503221273422241,0.0522163617569164
299,1,0,105.40100860595703,27.21412467956543,269.324462890625,10.164834976196289,97.3843765258789,2.5590145587921143,0.03774196654558182,1.0,88.91380310058594,2.397925853729248,
299,1,1,93.98150634765625,27.203243255615234,205.4845428466797,6.785966873168945,93.01210021972656,2.5588536262512207,0.033024221658706665,1.0,83.72721862792969,2.4107604026794434,0.0729578880551178
299,1,2,87.28443145751953,27.19406509399414,173.83267211914062,4.920590400695801,89.75972747802734,2.558715343475342,0.028306474909186363,1.0,79.82743835449219,2.420492649078369,0.05481957820507128
299,1,3,82.52371978759766,27.187301635742188,153.46304321289062,3.6199982166290283,87.32752227783203,2.5585999488830566,0.02358872815966606,1.0,76.88337707519531,2.4279139041900635,0.041453119495334964
299,1,4,79.0289306640625,27.182247161865234,140.19741821289062,2.645663261413574,85.53382110595703,2.5585076808929443,0.01887098327279091,1.0,74.6981430053711,2.4335880279541016,0.030931194548491935
299,2,0,109.41858673095703,28.22367286682129,333.12353515625,16.891082763671875,98.53169250488281,3.0208442211151123,0.050705160945653915,1.0,89.39785766601562,2.387166976928711,
299,2,1,93.85454559326172,28.207988739013672,264.8968811035156,11.752683639526367,92.45500183105469,3.020566940307617,0.04436701536178589,1.0,82.08241271972656,2.4051334857940674,0.12711787794597806
299,2,2,86.81439971923828,28.199777603149414,310.4305725097656,11.80532455444336,88.19031524658203,3.020328998565674,0.03802886977791786,0.9999880790710449,76.93537139892578,2.4179975986480713,0.13328808035943557
299,2,3,83.39581298828125,28.194292068481445,381.1794738769531,12.079854011535645,85.0379409790039,3.0201308727264404,0.031690724194049835,0.9997997283935547,73.04161834716797,2.4273319244384766,0.12774182395863432
299,2,4,76.63365936279297,28.191905975341797,294.56005859375,7.467857837677002,82.71460723876953,3.019972324371338,0.025352580472826958,1.0,70.19802856445312,2.434410572052002,0.09028463153088472
349,0,0,89.20755004882812,23.595563888549805,196.20216369628906,14.987187385559082,72.12628936767578,2.151440382003784,0.076386459171772,1.0,65.33168029785156,2.471632242202759,
349,0,1,75.09584045410156,23.540546417236328,147.4330291748047,9.854150772094727,67.1451187133789,2.1512088775634766,0.06683815270662308,1.0,58.438385009765625,2.488105297088623,0.14675900436919867
349,0,2,66.47242736816406,23.49603843688965,150.09690856933594,8.599028587341309,63.627933502197266,2.1510097980499268,0.05728984624147415,1.0,53.60598373413086,2.498298168182373,0.135145495267309
349,0,3,60.61381149291992,23.46184730529785,200.735107421875,9.58340072631836,61.3975715637207,2.1508431434631348,0.04774153605103493,1.0,50.20917510986328,2.5047993659973145,0.1560876339951945
349,0,4,56.87763214111328,23.43476104736328,268.3408203125,10.248801231384277,59.4801139831543,2.1507091522216797,0.038193229585886,0.9998685717582703,47.5548210144043,2.509232521057129,0.15127900818083165
349,1,0,103.064208984375,27.6234073638916,298.4695129394531,11.929793357849121,93.75444030761719,2.773782730102539,0.03996989130973816,1.0,85.39826202392578,2.4007668495178223,
349,1,1,91.78302001953125,27.607057571411133,222.88792419433594,7.795205116271973,89.1820068359375,2.7735965251922607,0.03497365489602089,1.0,79.94374084472656,2.4158260822296143,0.08740782352810518
349,1,2,84.60538482666016,27.59673500061035,208.82933044433594,6.260164260864258,85.88542175292969,2.7734363079071045,0.02997741848230362,1.0,75.92803955078125,2.4266762733459473,0.07288972457958472
349,1,3,79.6695785522461,27.589521408081055,221.55848693847656,5.534792900085449,83.40361022949219,2.773303270339966,0.02498118206858635,1.0,72.92189025878906,2.4347565174102783,0.0663615505874671
349,1,4,76.03948974609375,27.584331512451172,212.06692504882812,4.23814582824707,81.6205825805664,2.7731964588165283,0.01998494565486908,1.0,70.69126892089844,2.4407248497009277,0.05192496419079603
349,2,0,106.06107330322266,28.693029403686523,365.9881286621094,19.938827514648438,94.00157928466797,3.352436065673828,0.054479438811540604,1.0,84.71288299560547,2.3956189155578613,
349,2,1,90.53466033935547,28.671998977661133,297.78973388671875,14.195489883422852,87.78266906738281,3.352102041244507,0.047669507563114166,1.0,77.1563949584961,2.415201187133789,0.16171175965165904
349,2,2,83.9207763671875,28.664165496826172,392.72943115234375,16.04676055908203,83.62081909179688,3.3518147468566895,0.04085958003997803,0.9998582601547241,72.09408569335938,2.4281840324401855,0.18566225039174386
349,2,3,80.96424865722656,28.65991973876953,698.6998291015625,23.790485382080078,80.46981048583984,3.351576328277588,0.03404964879155159,0.9994533061981201,68.19341278076172,2.437345027923584,0.20676210366700007
349,2,4,74.53844451904297,28.659221649169922,654.1090087890625,17.817745208740234,78.24935913085938,3.3513848781585693,0.027239719405770302,0.9997504949569702,65.36644744873047,2.443938732147217,0.18315981394459296
399,0,0,88.58834075927734,23.276548385620117,187.3414764404297,14.938804626464844,73.92021942138672,2.0906412601470947,0.07974104583263397,1.0,66.97283172607422,2.4694061279296875,
399,0,1,73.48773193359375,23.223447799682617,126.89157104492188,8.853657722473145,68.58380889892578,2.0904088020324707,0.06977341324090958,1.0,60.06627655029297,2.4855501651763916,0.12909253456934927
399,0,2,65.0683822631836,23.17291259765625,103.98616027832031,6.2189741134643555,64.85419464111328,2.0902087688446045,0.05980578437447548,1.0,55.19002151489258,2.4953813552856445,0.09589162500466887
399,0,3,59.15407943725586,23.129053115844727,87.46805572509766,4.359246730804443,62.2343864440918,2.0900418758392334,0.04983815550804138,1.0,51.668861389160156,2.5018320083618164,0.07004562877823359
399,0,4,54.830909729003906,23.09682846069336,74.33847045898438,2.963913679122925,60.36430358886719,2.0899081230163574,0.039870522916316986,1.0,49.13933563232422,2.5062038898468018,0.049100432937985015
399,1,0,102.76626586914062,27.243938446044922,285.79986572265625,12.168150901794434,94.64495086669922,2.661101818084717,0.04257577657699585,1.0,86.32173919677734,2.404120445251465,
399,1,1,90.96143341064453,27.218135833740234,200.9581756591797,7.486456394195557,89.83419799804688,2.6609139442443848,0.03725380450487137,1.0,80.76881408691406,2.418896198272705,0.08333637479042179
399,1,2,83.85243225097656,27.20118522644043,164.05172729492188,5.2384724617004395,86.32718658447266,2.660752773284912,0.03193183243274689,1.0,76.69146728515625,2.4292516708374023,0.06068160759493404
399,1,3,78.92263793945312,27.190479278564453,142.4565887451172,3.790750026702881,83.73942565917969,2.660618305206299,0.026609860360622406,1.0,73.65460968017578,2.4369258880615234,0.04526840250467669
399,1,4,75.37358856201172,27.183774948120117,128.88388061523438,2.7436654567718506,81.84519958496094,2.660511016845703,0.021287888288497925,1.0,71.418701171875,2.4426803588867188,0.03352261916825692
399,2,0,105.76058959960938,28.411174774169922,346.76727294921875,19.9915771484375,94.82005310058594,3.144840717315674,0.05765128135681152,1.0,85.63365173339844,2.396866798400879,
399,2,1,88.63470458984375,28.374805450439453,239.08767700195312,12.060746192932129,88.2281265258789,3.14451265335083,0.05044487118721008,1.0,77.9946060180664,2.415609836578369,0.13669956131310915
399,2,2,80.04817962646484,28.35622787475586,225.2031707763672,9.737438201904297,83.6382064819336,3.1442315578460693,0.04323846101760864,1.0,72.67857360839844,2.428022861480713,0.1164233262563254
399,2,3,74.85775756835938,28.34495735168457,231.1308135986328,8.328117370605469,80.42973327636719,3.1439969539642334,0.0360320508480072,0.9999962449073792,68.837646484375,2.4367692470550537,0.10331662536850685
399,2,4,70.4621810913086,28.338239669799805,208.6700439453125,6.015048027038574,78.05931091308594,3.1438097953796387,0.02882564067840576,1.0,66.03558349609375,2.4432053565979004,0.0770574061685655
449,0,0,88.3637924194336,24.474103927612305,221.9059295654297,18.719806671142578,73.59196472167969,2.320204496383667,0.08435919880867004,1.0,66.7042236328125,2.462935209274292,
449,0,1,71.98638153076172,24.427841186523438,145.6528778076172,10.751265525817871,68.2926254272461,2.319920778274536,0.07381430268287659,1.0,59.56538009643555,2.4787724018096924,0.15742937772537652
449,0,2,63.88064956665039,24.3824462890625,127.5634994506836,8.070866584777832,64.54589080810547,2.319676637649536,0.06326939910650253,1.0,54.551090240478516,2.489213228225708,0.12504074980577867
449,0,3,58.06820297241211,24.34459686279297,109.31157684326172,5.763397693634033,61.94339370727539,2.3194730281829834,0.05272449925541878,1.0,50.92987823486328,2.496203899383545,0.09304298367597895
449,0,4,53.288818359375,24.312816619873047,84.2412338256836,3.5532615184783936,60.04750442504883,2.319309711456299,0.04217959940433502,1.0,48.32301330566406,2.5012335777282715,0.05917417471232007
449,1,0,101.55335235595703,28.65864372253418,339.1489562988281,15.537603378295898,93.3153076171875,3.030808687210083,0.045813508331775665,1.0,85.29096984863281,2.4037842750549316,
449,1,1,87.72482299804688,28.64164161682129,220.7831268310547,8.850493431091309,88.34877014160156,3.0305707454681396,0.04008682072162628,1.0,79.37530517578125,2.4176840782165527,0.10017675872459068
449,1,2,79.97770690917969,28.6339054107666,170.15179443359375,5.846438407897949,84.8118896484375,3.0303661823272705,0.0343601331114769,1.0,75.13844299316406,2.427682638168335,0.06893418400937984
449,1,3,74.79701232910156,28.62993812561035,139.0841064453125,3.9824564456939697,82.24922180175781,3.030195951461792,0.028633441776037216,1.0,72.02702331542969,2.4351305961608887,0.04841938146002816
449,1,4,71.20358276367188,28.62803840637207,122.52085876464844,2.8065552711486816,80.38191986083984,3.030059576034546,0.022906754165887833,1.0,69.75251770019531,2.4408373832702637,0.03491525551589638
449,2,0,104.18097686767578,29.929611206054688,416.8217468261719,25.585203170776367,92.99848937988281,3.6191864013671875,0.06138164550065994,1.0,83.96421813964844,2.402306318283081,
449,2,1,86.23991394042969,29.904361724853516,356.020263671875,19.121469497680664,86.51416015625,3.6187729835510254,0.053708940744400024,0.9996917843818665,76.19120025634766,2.418301582336426,0.19236005480870108
449,2,2,79.4817886352539,29.899499893188477,372.44415283203125,17.145925521850586,82.03887939453125,3.6184184551239014,0.046036235988140106,0.9996324181556702,70.8746566772461,2.430009365081787,0.18702780617082293
449,2,3,75.31503295898438,29.89581871032715,389.4147644042969,14.939324378967285,78.92160034179688,3.6181232929229736,0.03836352750658989,0.9998060464859009,66.99591064453125,2.4381232261657715,0.18038197818914886
449,2,4,69.94470977783203,29.896240234375,353.8070983886719,10.858631134033203,76.45235443115234,3.617887258529663,0.03069082275032997,1.0,64.06226348876953,2.4445347785949707,0.14203135028877908
499,0,0,90.21862030029297,25.062053680419922,223.67886352539062,19.958995819091797,71.91996002197266,2.3971307277679443,0.08923058211803436,1.0,64.95217895507812,2.473891019821167,
499,0,1,73.52546691894531,25.010236740112305,176.23687744140625,13.760004043579102,66.56432342529297,2.3968112468719482,0.07807675749063492,1.0,57.861541748046875,2.4883790016174316,0.2067174025580711
499,0,2,66.60242462158203,24.963464736938477,206.25450134277344,13.803156852722168,62.74406814575195,2.3965365886688232,0.06692293286323547,0.9997862577438354,52.83544158935547,2.498300552368164,0.20929574878833723
499,0,3,61.0738410949707,24.92106819152832,207.81629943847656,11.58973217010498,60.06242370605469,2.3963072299957275,0.055769115686416626,0.9999243021011353,49.16496658325195,2.5044546127319336,0.18936870384431667
499,0,4,56.02071762084961,24.889999389648438,173.9810333251953,7.762214660644531,58.02815628051758,2.3961234092712402,0.04461529105901718,1.0,46.41653060913086,2.509136438369751,0.13376634993852046
499,1,0,101.73394012451172,28.964555740356445,317.14117431640625,15.621377944946289,91.19912719726562,3.107805013656616,0.049256857484579086,1.0,83.1144027709961,2.4168834686279297,
499,1,1,87.7926025390625,28.947940826416016,205.55770874023438,8.859485626220703,86.01428985595703,3.1075363159179688,0.04309974983334541,1.0,77.02202606201172,2.430281639099121,0.10300016008999378
499,1,2,79.97679138183594,28.940780639648438,162.15878295898438,5.990573883056641,82.33563232421875,3.1073062419891357,0.03694264218211174,1.0,72.6555404663086,2.4401702880859375,0.0727579750494848
499,1,3,74.76940155029297,28.935213088989258,135.38450622558594,4.167884349822998,79.6655044555664,3.107114315032959,0.030785536393523216,1.0,69.44864654541016,2.447507381439209,0.05231730317636376
499,1,4,71.11656951904297,28.932231903076172,116.93592834472656,2.879948139190674,77.72978973388672,3.1069610118865967,0.024628428742289543,1.0,67.10681915283203,2.4531452655792236,0.037050764561178756
499,2,0,103.6180419921875,29.89216423034668,374.2391662597656,24.508264541625977,91.16444396972656,3.687645673751831,0.06548824161291122,1.0,82.02203369140625,2.4105780124664307,
499,2,1,85.8329849243164,29.864198684692383,291.6925354003906,16.71462631225586,84.61236572265625,3.6871933937072754,0.05730221047997475,1.0,74.18888854980469,2.4268109798431396,0.1975435406813691
499,2,2,80.52071380615234,29.859710693359375,416.60235595703125,20.461915969848633,80.35000610351562,3.686805486679077,0.04911617934703827,0.9998551607131958,69.16106414794922,2.4387474060058594,0.2483159311311678
499,2,3,82.11245727539062,29.853647232055664,644.56982421875,26.382341384887695,76.91136169433594,3.6864819526672363,0.04093015193939209,0.9990475177764893,64.90969848632812,2.446828842163086,0.2626738108836141
499,2,4,71.25836181640625,29.85595703125,474.7904357910156,15.546595573425293,74.36611938476562,3.686222791671753,0.03274412080645561,1.0,61.85828399658203,2.453568935394287,0.20905481824186142
549,0,0,88.460693359375,23.389490127563477,200.5406494140625,18.904956817626953,68.19615173339844,2.270740270614624,0.09426994621753693,1.0,61.919368743896484,2.4743735790252686,
549,0,1,71.06349182128906,23.343835830688477,132.94158935546875,10.965846061706543,62.838653564453125,2.2704226970672607,0.08248620480298996,1.0,54.43681716918945,2.488812208175659,0.17450797300603965
549,0,2,63.03407669067383,23.297319412231445,127.04705047607422,8.982540130615234,59.24077606201172,2.2701497077941895,0.070702463388443,1.0,49.313880920410156,2.4977035522460938,0.15162765794452568
549,0,3,57.570823669433594,23.258852005004883,123.58465576171875,7.281449317932129,56.7877197265625,2.2699217796325684,0.05891871452331543,1.0,45.63553237915039,2.503361225128174,0.12822225212969773
549,0,4,52.2226448059082,23.2258358001709,99.10643768310547,4.671379566192627,55.009578704833984,2.2697396278381348,0.04713497310876846,1.0,42.99358367919922,2.5073249340057373,0.0849193845022655
549,1,0,99.11346435546875,27.695453643798828,299.56158447265625,15.834551811218262,87.63080596923828,2.997497320175171,0.05285908654332161,1.0,80.00325012207031,2.415848970413208,
549,1,1,84.53789520263672,27.682716369628906,192.28372192382812,8.893448829650879,82.35063934326172,2.9972188472747803,0.046251699328422546,1.0,73.57208251953125,2.4301321506500244,0.10799488559920105
549,1,2,76.54778289794922,27.67580795288086,151.2584686279297,5.9965386390686035,78.66761016845703,2.9969804286956787,0.03964431583881378,1.0,69.0163803100586,2.4400205612182617,0.07622627184765737
549,1,3,71.21337127685547,27.67146110534668,126.19223022460938,4.169003486633301,76.02700805664062,2.996781587600708,0.03303692862391472,1.0,65.6944808959961,2.447277069091797,0.054835822067060794
549,1,4,67.47480773925781,27.668537139892578,110.14854431152344,2.911175489425659,74.12349700927734,2.9966225624084473,0.026429543271660805,1.0,63.28193664550781,2.452719211578369,0.03927466466764983
549,2,0,101.36454010009766,28.865177154541016,371.0916442871094,25.88581085205078,87.85657501220703,3.6381516456604004,0.06975584477186203,1.0,78.74699401855469,2.4043426513671875,
549,2,1,82.20077514648438,28.845142364501953,261.3966979980469,15.954703330993652,81.11637115478516,3.6376709938049316,0.0610363632440567,1.0,70.52099609375,2.4219751358032227,0.1966890666075559
549,2,2,78.78936767578125,28.841175079345703,386.12762451171875,20.200992584228516,76.53423309326172,3.637258529663086,0.05231688171625137,0.9990994930267334,64.82048797607422,2.4339728355407715,0.20316165484144807
549,2,3,73.60801696777344,28.838966369628906,371.97705078125,16.217233657836914,73.36180114746094,3.6369152069091797,0.04359740391373634,0.9994451999664307,60.75370407104492,2.4423179626464844,0.19178418825470495
549,2,4,68.81504821777344,28.83970832824707,362.5112609863281,12.643638610839844,70.94917297363281,3.6366405487060547,0.034877922385931015,0.9997939467430115,57.73228073120117,2.4485297203063965,0.16575797491063857
599,0,0,85.39763641357422,24.743038177490234,217.828857421875,21.657438278198242,62.98388671875,2.458709955215454,0.0994240939617157,1.0,56.41811752319336,2.485726833343506,
599,0,1,68.98001098632812,24.69439125061035,157.16522216796875,13.672759056091309,57.94662094116211,2.458331346511841,0.08699607849121094,1.0,49.08943176269531,2.499666452407837,0.23595438062928334
599,0,2,63.45365905761719,24.64567756652832,184.24134826660156,13.73852252960205,54.53219985961914,2.458005666732788,0.07456807047128677,0.9998044967651367,44.19352722167969,2.507925271987915,0.24160681531983313
599,0,3,60.02119445800781,24.615354537963867,196.8507537841797,12.232317924499512,52.286170959472656,2.4577338695526123,0.06214005872607231,0.9998427629470825,40.651695251464844,2.512761116027832,0.22640614970777306
599,0,4,53.75444412231445,24.580211639404297,165.77085876464844,8.240808486938477,50.526214599609375,2.4575164318084717,0.04971204698085785,1.0,38.02532958984375,2.5163068771362305,0.16309966124735556
599,1,0,94.68822479248047,28.308115005493164,324.9054870605469,18.390602111816406,80.50201416015625,3.333731174468994,0.056602928787469864,1.0,72.46390533447266,2.435685634613037,
599,1,1,80.35411834716797,28.278221130371094,202.2263641357422,10.015778541564941,75.10533142089844,3.3333899974823,0.04952756315469742,1.0,65.77848052978516,2.451291799545288,0.13335642557918914
599,1,2,72.41952514648438,28.266040802001953,159.41151428222656,6.767369270324707,71.399169921875,3.333097219467163,0.04245219752192497,1.0,61.16141128540039,2.4606313705444336,0.09478218411757089
599,1,3,66.86952209472656,28.260221481323242,129.10208129882812,4.567222595214844,68.83263397216797,3.332853078842163,0.03537683188915253,1.0,57.85403060913086,2.4673171043395996,0.06635257625617008
599,1,4,62.83183288574219,28.25487518310547,104.9621810913086,2.970583438873291,67.00228881835938,3.3326575756073,0.028301464393734932,1.0,55.48565673828125,2.472348690032959,0.044335551677690786
599,2,0,95.766845703125,29.63068962097168,405.99517822265625,30.107629776000977,80.0457763671875,4.097056865692139,0.07415760308504105,1.0,70.674560546875,2.4219470024108887,
599,2,1,78.73345184326172,29.599130630493164,378.197998046875,24.540475845336914,74.6462173461914,4.096470832824707,0.06488790363073349,0.9999905824661255,63.31269073486328,2.4412076473236084,0.3285147406625031
599,2,2,82.56388092041016,29.591615676879883,642.8126220703125,35.75208282470703,69.67205047607422,4.095968723297119,0.055618204176425934,0.9978432655334473,57.624298095703125,2.45229434967041,0.37875360469287145
599,2,3,75.46121215820312,29.589834213256836,553.7218627929688,25.664180755615234,67.31005859375,4.0955491065979,0.04634850099682808,0.999584972858429,53.94612121582031,2.4600625038146973,0.3690537586230189
599,2,4,72.6780776977539,29.587112426757812,572.0520629882812,21.21100425720215,64.35767364501953,4.095214366912842,0.03707880154252052,1.0,50.62437438964844,2.4659759998321533,0.32958003377966744
649,0,0,80.29316711425781,23.67516326904297,200.82083129882812,21.022642135620117,60.2452278137207,2.293203115463257,0.10468357056379318,1.0,54.396419525146484,2.4974441528320312,
649,0,1,64.05146789550781,23.603618621826172,195.61953735351562,17.91838264465332,55.120662689208984,2.2928407192230225,0.09159812331199646,0.9995285272598267,46.85371398925781,2.51016902923584,0.2469395588383793
649,0,2,56.33176040649414,23.545814514160156,214.82615661621094,16.8665771484375,51.6439323425293,2.2925286293029785,0.07851267606019974,0.9995019435882568,41.75404357910156,2.517279624938965,0.21859424332052002
649,0,3,50.240074157714844,23.500099182128906,182.12063598632812,11.915648460388184,49.55825424194336,2.2922680377960205,0.06542722880840302,0.9997309446334839,38.34571075439453,2.5215721130371094,0.19880614855096373
649,0,4,46.37128448486328,23.464923858642578,203.28245544433594,10.640167236328125,47.94921875,2.2920594215393066,0.05234178528189659,0.9997408390045166,35.82598876953125,2.5241801738739014,0.17560928745064686
649,1,0,90.63163757324219,27.55544662475586,305.69342041015625,18.489397048950195,77.76223754882812,3.110748291015625,0.06048345938324928,1.0,70.62190246582031,2.4549026489257812,
649,1,1,76.145751953125,27.524797439575195,249.3402557373047,13.195841789245605,72.3608169555664,3.110409736633301,0.05292302742600441,0.9999328255653381,63.928367614746094,2.468626022338867,0.17644830334542705
649,1,2,71.10542297363281,27.50574493408203,431.8592529296875,19.590253829956055,68.40171813964844,3.110118865966797,0.04536259546875954,0.9994701743125916,58.928489685058594,2.47767972946167,0.1529784982292763
649,1,3,62.810420989990234,27.48880386352539,204.99417114257812,7.749223709106445,65.84294891357422,3.1098766326904297,0.037802163511514664,1.0,55.60683822631836,2.4840335845947266,0.1176925371022065
649,1,4,60.324180603027344,27.475095748901367,292.83929443359375,8.85596752166748,64.03634643554688,3.10968279838562,0.03024172969162464,1.0,53.20205307006836,2.488607883453369,0.13829595242755033
649,2,0,92.31036376953125,28.97364616394043,392.0545959472656,30.849323272705078,77.94001770019531,3.8681857585906982,0.07868629693984985,1.0,69.49530792236328,2.4440062046051025,
649,2,1,77.33540344238281,28.950422286987305,636.7561645507812,43.84098815917969,70.83668518066406,3.8675968647003174,0.06885050982236862,0.9988453984260559,60.35015869140625,2.4607152938842773,0.29070664699765025
649,2,2,63.65373992919922,28.951047897338867,326.6521301269531,19.277284622192383,66.61302947998047,3.867091417312622,0.05901472270488739,0.9997538924217224,54.99443054199219,2.4716761112213135,0.2617626031507019
649,2,3,62.71949768066406,28.941402435302734,616.0465698242188,30.296512603759766,63.3240966796875,3.8666703701019287,0.04917893558740616,0.9991663694381714,50.49049377441406,2.4788424968719482,0.24062191563059782
649,2,4,52.75282669067383,28.93602180480957,288.3116149902344,11.343087196350098,61.316078186035156,3.8663330078125,0.03934314846992493,1.0,47.85968017578125,2.4840073585510254,0.18499368403968747
699,0,0,79.18896484375,23.395633697509766,194.09825134277344,21.353883743286133,59.16999435424805,2.3680613040924072,0.11001584678888321,1.0,52.53632354736328,2.5024688243865967,
699,0,1,62.33405303955078,23.301040649414062,127.61821746826172,12.285022735595703,53.891841888427734,2.3676514625549316,0.09626386314630508,1.0,45.12729263305664,2.5148351192474365,0.22795700244853037
699,0,2,54.43798828125,23.22848129272461,117.99418640136719,9.735922813415527,50.3656120300293,2.3672988414764404,0.08251188695430756,1.0,40.15968322753906,2.5221285820007324,0.1933049638248745
699,0,3,48.81975555419922,23.174551010131836,106.18705749511719,7.301411151885986,48.056251525878906,2.367004871368408,0.06875990331172943,1.0,36.67213439941406,2.526336908340454,0.15193467901745802
699,0,4,43.44355392456055,23.13246726989746,78.98350524902344,4.3447184562683105,46.408111572265625,2.3667688369750977,0.055007923394441605,1.0,34.22493362426758,2.5291783809661865,0.09361980714441738
699,1,0,89.33441162109375,27.195720672607422,299.41558837890625,19.307964324951172,76.8093032836914,3.3016955852508545,0.06448550522327423,1.0,69.33673095703125,2.4681813716888428,
699,1,1,74.43730163574219,27.168729782104492,192.1425018310547,10.841606140136719,71.04460144042969,3.301302433013916,0.0564248189330101,1.0,62.3267707824707,2.480682849884033,0.15260281455307043
699,1,2,66.59990692138672,27.154388427734375,157.71827697753906,7.6279072761535645,67.09062957763672,3.30096435546875,0.04836412891745567,1.0,57.48936462402344,2.4890453815460205,0.1136955685620696
699,1,3,61.097599029541016,27.145435333251953,125.1762924194336,5.045034885406494,64.3306655883789,3.3006837368011475,0.040303438901901245,1.0,54.03059005737305,2.4947991371154785,0.0784234833959751
699,1,4,57.048500061035156,27.139230728149414,95.363037109375,3.0747671127319336,62.371646881103516,3.300457715988159,0.032242752611637115,1.0,51.56501007080078,2.4990758895874023,0.04929751362987512
699,2,0,91.08975982666016,28.56361961364746,388.6319274902344,32.38240051269531,76.89408874511719,4.198181629180908,0.08332408219575882,1.0,68.02842712402344,2.4613966941833496,
699,2,1,74.50248718261719,28.536813735961914,446.39581298828125,32.54608154296875,70.50955200195312,4.197490215301514,0.07290857285261154,0.9989832043647766,60.08833694458008,2.475606918334961,0.36226474887058846
699,2,2,76.17900848388672,28.535120010375977,652.0888671875,40.75102615356445,65.92704010009766,4.196896553039551,0.062493063509464264,0.9975117444992065,54.63861083984375,2.4854073524475098,0.42724366397263197
699,2,3,66.01250457763672,28.533039093017578,642.39892578125,33.45456314086914,62.8251953125,4.196401596069336,0.05207755044102669,0.9988194704055786,50.69459533691406,2.4914426803588867,0.44932722482666576
699,2,4,64.42566680908203,28.535621643066406,647.440185546875,26.97368049621582,60.05082702636719,4.1960062980651855,0.04166204109787941,0.9992117881774902,47.18635559082031,2.4962191581726074,0.40743972600445033
