token_id,category,phi_0,phi_1,phi_2,phi_3,phi_4,phi_5,phi_6,phi_7,phi_8,phi_9
0,punct,-0.022961047,0.002596506,0.027404066,0.03951484,-0.006682152,0.00088597735,-0.037348013,0.012668648,-0.0043886877,-0.0017768802
1,punct,-0.053644985,0.04053133,0.0060477587,0.01203099,0.03795768,0.023674285,-0.017416375,0.0011601229,0.03058851,-0.02633727
2,punct,0.029078215,-0.03032459,-0.026338372,0.00822289,0.0073354463,-0.011427579,-0.028440308,0.025065338,-0.0077097393,0.009883625
3,punct,0.0026184642,0.012871399,0.003146981,-0.002335686,-0.007798744,0.012789407,-0.0052356427,-0.015993347,-0.027251355,-0.036478605
4,punct,-0.00014290643,-0.046161328,0.004233621,0.026146047,-0.03450556,0.013805796,0.052254755,-0.014073405,0.00013748014,0.02041488
5,punct,-0.026939627,0.018874772,-0.00087007124,-0.049191024,-0.035093144,0.005564552,-0.017652022,0.0069290535,0.021468863,-0.022721248
6,punct,2.1094277,2.8959222,-0.9651031,2.2069464,3.7201219,4.0489063,-3.7328265,-1.8600185,2.988916,3.1866353
7,punct,0.02705471,0.03392225,0.022903502,0.026292553,0.02124164,0.009137389,0.024474015,0.0034673526,0.011843777,-0.040242143
8,punct,-0.011113691,0.008878062,-0.03024438,0.002121728,0.0047922255,-0.043661576,0.009901911,-0.01739415,0.037569027,0.010059683
9,punct,-0.0076661855,0.016377896,-0.024707593,-0.028983928,-0.012199211,0.007420982,0.00312276,0.009572888,-0.006806087,-0.037914846
10,punct,-0.016308617,0.019030044,-0.009880442,0.0032079844,-0.02988505,-0.041005824,-0.016769327,-0.019387862,0.0016922505,-0.007070957
11,punct,1.0461771,-2.77692,0.20713945,3.0126157,-1.1098887,-0.040301498,0.6197198,0.21048078,2.436768,-0.6318651
12,punct,1.1890899,1.0834019,0.018182358,1.0548855,0.06483021,0.100025736,-1.655878,0.50221276,1.5837911,-0.17049178
13,punct,-1.5808415,-0.07432544,1.3304435,-0.6303031,1.0289657,-1.6845486,-0.27932173,-1.7030823,0.6263448,-1.1622214
14,punct,-0.04777484,0.02630796,0.0056966147,0.032460008,0.011173347,-0.014567251,-0.0034909642,0.021445539,-0.022077281,-0.030588597
15,digit,-0.5074543,1.1701379,0.5127562,0.0057689785,-0.5520022,0.08381227,2.0184853,0.27718848,-0.714441,-1.297417
16,digit,-0.7088068,5.3682427,-1.073795,0.6095936,-1.0339241,0.6248659,0.71750873,1.0009136,2.756776,-3.5371768
17,digit,-0.62867326,0.6613855,1.0405185,-0.51566327,-0.38572505,0.20970513,0.35068884,-0.56972474,0.87835336,-1.6718824
18,digit,-0.21536973,1.072044,-0.27250433,0.74684274,0.34418648,0.13749468,0.82020414,1.2594581,-2.214147,0.12347114
19,digit,0.7672553,-1.3365339,-0.365597,-0.7563591,-0.1200983,1.2552861,-0.8819631,-0.42537606,2.6143699,0.6771124
20,digit,0.64894116,0.13319878,0.5567377,-0.83477795,-0.26094025,1.1136996,-1.2722648,-0.32368731,1.7836459,-0.639922
21,digit,-0.98559254,-4.028272,-1.9900513,0.5198713,0.2905574,1.6529862,-1.1884062,-0.26195115,1.2802696,-0.33163026
22,digit,1.3613149,-4.142426,-1.2653526,0.9204001,-0.060131814,0.9175435,-1.4416833,1.7477602,-0.3823348,-0.33421397
23,digit,0.9937867,0.4977164,0.42242137,-0.3542948,-0.26307973,0.9986726,-2.0378568,-0.41637123,1.6223313,-0.23802556
24,digit,0.775544,0.84819084,0.25952244,0.68063456,0.50754374,-0.7544945,2.0349305,0.88765126,-2.1549134,0.7117375
25,punct,-0.008768364,0.01377638,0.0071285763,0.007656947,0.028155489,0.009200596,0.03393839,-0.013481983,-0.020641463,0.016267832
26,punct,-0.0118410755,0.012586314,0.00020122889,0.028006554,-0.025229285,-0.031725753,-0.01939607,0.010298223,0.0037660066,-0.004151624
27,punct,-0.010349369,-0.022692986,0.0298231,0.01911819,-0.012454149,0.013784244,-0.00024109255,-0.02065326,-0.011581286,0.022220718
28,punct,0.0035416344,-0.005478761,-0.007967285,0.0027106046,-0.0011732775,-0.003555127,-0.015899682,0.028181078,-0.039231732,0.00010749053
29,punct,-0.5367596,-1.7227402,-1.0487821,1.4565946,-0.7323893,-1.0118697,0.64489275,-0.32546398,0.9275908,-0.41188845
30,punct,0.001472041,-0.030963724,0.018081933,-0.027706143,0.002228003,-0.023280399,0.006684489,0.010110754,-7.91146e-05,-0.02396536
31,punct,-0.009181102,-0.018156886,-0.0021228543,-0.004802993,-0.027509749,-0.03370089,-0.026670236,-0.008396522,0.005556164,-0.016486866
32,letter,0.97447175,-4.3938165,-0.73041177,0.952782,-0.5279349,2.0220942,-0.27915972,-2.451137,1.455005,3.4757733
33,letter,0.20565404,1.1632593,-2.30296,-1.186823,0.8019812,0.11765364,-0.23994906,2.0527432,1.9334341,0.7025066
34,letter,-0.164278,0.46636677,-1.3541064,-0.61979824,-0.107388884,-0.8326071,-0.04137947,1.7235094,1.7601182,-0.08430216
35,letter,-1.573031,0.91676146,-3.84278,1.3864211,-0.5004534,0.44978502,-0.37916598,4.3438025,-0.69558465,1.6082376
36,letter,1.9749358,0.10206279,1.7696955,-3.2605326,-0.36450142,1.3096248,1.3437154,-1.5818042,-1.4836576,1.7353034
37,letter,-0.8419025,1.2073029,-0.4336838,-0.25531778,-1.1540382,0.22218646,1.089899,-1.5311437,-1.4049939,-1.6822457
38,letter,0.099653974,1.0224328,-3.140047,-1.2494168,0.1459027,-0.47782835,-0.3491032,-0.26932186,0.8486144,-0.5112934
39,letter,-0.68511134,-0.22600463,0.6923786,1.114178,0.59303397,-1.3126844,-0.09630886,2.6436243,-0.46848312,-0.36444154
40,letter,-0.53982943,0.2169196,1.1782655,1.5104437,0.6839328,-1.4707258,0.58015686,2.6693218,0.51342005,2.298018
41,letter,-0.85604095,-1.254626,2.6624093,1.9931426,-0.73439777,0.6149194,0.66436875,-4.342493,-0.94389355,-1.232491
42,letter,-0.96809477,1.0722085,1.6062901,-0.15537286,0.60892427,0.20602897,-0.78214204,0.813831,1.3883246,1.3072437
43,letter,-0.7412216,0.44324982,-0.115856685,-0.5242857,-0.57818216,0.59739643,0.7534364,0.14193007,-1.9346434,4.6602745
44,letter,-1.0511031,0.6505332,1.667405,1.306063,-0.4911262,0.92404616,0.5225582,-2.7005439,-0.66635996,-0.2732509
45,letter,0.49582377,1.4679238,-2.870747,-1.4393584,0.4987782,1.3443276,-0.9832723,-0.27519172,0.8026501,3.5712438
46,letter,0.6441766,2.4367285,0.13757521,-3.6426394,-0.14088166,1.058259,-0.8698081,-0.57215744,-0.7905834,2.109458
47,letter,-0.4078404,-0.56663895,0.9181195,1.466932,-0.60612535,1.0162535,0.48095205,-2.6843717,-2.036855,0.086323336
48,letter,-0.6695623,-0.101831965,-0.518181,1.5286502,-2.1036832,1.9553356,0.3494109,-2.6184776,-0.2938306,2.1023223
49,letter,-0.27379993,0.92909807,3.4643402,1.976189,0.8617595,0.30315906,0.21035445,-3.9450145,-0.24440198,-3.0851061
50,letter,0.0050833146,0.47474927,-1.7824324,-0.5914364,0.36543307,1.0202242,0.7102749,2.1432452,1.1424419,0.42943156
51,letter,-0.085531965,1.4105105,0.11566216,-0.74814963,-0.6032287,0.14307086,-0.053952117,-1.3165436,-0.8395375,-1.3393378
52,letter,-0.400954,-2.411748,5.992116,2.3990679,-0.075534776,0.8774502,-0.06646433,-4.030334,-0.9592399,-1.0653613
53,letter,0.75502145,1.3239284,-3.4559517,-2.524615,0.17759466,0.23848583,0.32800412,0.84421104,1.9173112,-0.0960566
54,letter,-0.6895851,0.06350741,0.99860877,0.73608005,-0.5375366,1.4220399,0.9088704,-2.7797341,-0.41623747,-0.5119662
55,letter,-0.08151811,0.28232986,-1.039591,1.7442017,0.673152,0.47876686,-2.3838122,3.0234053,-4.2831125,-1.6874722
56,letter,0.05166171,-0.34595263,-1.8392664,0.28877267,0.49235606,-0.8870531,-0.15027623,2.021814,2.217224,-0.74341494
57,letter,1.8001077,-1.1113598,0.8233652,-5.0673842,1.103306,0.33659396,-0.9210562,-0.22772464,2.6441712,1.6649382
58,punct,-0.014475431,0.022213867,-0.027348608,-0.0068440493,-0.009444434,-0.003485981,-0.0063584168,0.0003514693,0.009080931,0.0005680706
59,punct,-0.029012773,0.015431172,-0.01749374,0.0049456907,-0.0044994997,-0.00992188,0.017728673,-0.007315868,0.009551631,-0.006774454
60,punct,-0.0026052638,-0.026883835,0.0011562256,0.009870365,0.036021266,-0.0038193737,0.0020562252,0.01382323,-0.04400332,-0.014364153
61,punct,-0.01074774,-0.009685757,0.0009822916,0.0028858494,-0.008455985,-0.01636614,-0.012145171,-0.03474145,-0.00976776,0.022597257
62,punct,-0.017574241,-0.008859269,0.010975727,0.027000679,-0.035923906,-0.008725072,-0.011631457,-0.021630535,-0.001964002,-0.025107384
63,punct,-0.9407797,-1.4645991,-3.983966,-2.2678077,2.482846,5.505661,-3.2983608,1.46834,-3.0232658,6.3359203
64,letter,-0.47393945,2.5563252,-5.337337,-0.5657901,0.75744915,-0.096471526,0.23435748,1.9759772,1.0730823,0.05320629
65,letter,-0.73310876,0.04692437,3.1724129,0.48828918,0.12697037,-0.54668486,-0.29316986,0.72559696,1.3353584,0.40542486
66,letter,-0.52669257,1.047232,5.6926374,-2.4055264,-0.33354056,-0.24705353,-0.29204765,0.89169127,1.2395453,5.7311983
67,letter,0.9215292,1.0606941,-2.6241875,-0.3130116,-1.2665305,0.55953825,2.2737849,0.9423311,3.9219952,-2.7942173
68,letter,-0.68181145,0.15387952,1.7830001,0.11376937,0.91897047,-0.8049747,-0.15994497,6.2274456,0.6239337,4.6455307
69,letter,-0.28870514,-1.4280387,1.8930875,-0.26113263,-0.64725506,0.33281875,-0.8315971,-0.06457831,0.80788267,1.516889
70,letter,1.1133279,0.46815732,-3.063383,0.59707433,1.0941869,-0.15238614,0.6796056,2.464017,1.2900584,-1.6342182
71,letter,-1.1082873,-4.077069,1.7077041,0.5315414,-0.9151839,-0.30342916,-0.73309267,-3.2429495,-3.2951844,2.6461475
72,letter,-1.6350293,-0.04372164,5.9696593,1.7594258,-0.54992497,-1.5681684,0.56340766,-0.6344117,-0.79029495,0.12212404
73,letter,0.68044895,-1.2849891,0.75016105,0.09039648,-0.31967947,0.6061257,0.8412075,-1.5827428,-0.28874606,1.0552931
74,letter,2.0818422,-0.43847194,2.4959428,3.4698422,0.27392316,-1.3390377,-0.9691514,-0.49466428,-1.5733584,-2.885126
75,letter,0.6487873,0.16265902,-4.791738,-0.13907833,-0.67655724,0.74357563,1.1518137,-0.37980333,-0.4214081,-2.7825959
76,letter,0.6173619,-2.2346597,0.9983453,1.652787,0.4787853,0.3645541,-1.2324357,-2.4032605,-0.5328903,-3.487591
77,letter,-0.11246252,1.2219772,-3.4761457,0.052632976,-0.026632702,-0.17261931,0.4130986,-0.5451616,0.42629975,-2.6816468
78,letter,-1.683542,3.2947245,2.836862,-3.1062334,1.1986178,-1.0392534,-0.89112484,0.58549875,1.3353969,-1.365752
79,letter,-0.33700776,2.1169715,4.397745,-2.385894,-1.9285984,-1.6468418,1.3138044,0.34336397,0.30747142,2.5916853
80,letter,-0.28824905,-0.6127649,3.412971,0.7469888,-1.3083564,-0.39715755,0.08948852,-1.0407405,0.07230983,-0.47509485
81,letter,-0.31446388,0.97829634,2.1313338,-0.8376359,-0.031105557,0.033490453,0.5511601,-3.9117982,-0.09001117,-1.1212326
82,letter,-0.19362316,-0.2374942,0.2176765,0.0760126,-0.44106233,-0.97746557,-0.41960067,-0.6719182,0.09176501,-1.020861
83,letter,-0.080512196,-0.21276547,-1.0143678,-0.594393,-0.14893602,1.4346619,-2.2117093,-0.25040367,-0.95979774,-3.2690089
84,letter,-1.0970196,-3.0860863,4.6781073,3.5485368,-0.16185407,-1.9093237,0.40134004,0.30829105,-2.4536755,0.019394232
85,letter,0.6587629,-1.0951219,2.1710665,-0.43017703,0.25300512,2.0467434,0.035668746,-3.3285213,0.8856246,0.5256602
86,letter,-0.6709914,-0.49197173,1.313161,-1.6568474,-0.1321977,0.33177608,0.04157464,-0.45023853,0.3175735,-4.1771708
87,letter,0.6116916,-0.32627633,-0.6078611,-1.6974881,-1.0429543,-0.1401318,-2.5671277,-0.58544517,0.5974738,1.6681418
88,letter,-0.18790194,1.2209471,-5.388289,2.1349084,0.15454991,-0.008828372,0.40801483,2.9093692,-0.037414562,-0.02760224
89,letter,0.6984343,-0.73416275,1.236427,4.1587625,0.41031343,-1.4263258,-1.348754,0.51471883,-3.1660259,-2.4875774
90,punct,-0.018965056,-0.014846074,0.0073232763,0.026818806,0.012817717,-0.03855349,-0.030137314,0.0016031181,-0.0022766788,0.01889296
91,punct,-0.04049214,0.003160367,-0.036647793,-0.0077977935,0.012220663,0.0156737,0.007931466,-0.04193328,-0.004032929,0.015804749
92,punct,-0.020256368,0.020308642,0.0071297684,-0.017281894,0.007125122,-0.0016902948,-0.018418822,0.020361261,-0.034363553,0.009135124
93,punct,-0.025386957,-0.0153346555,-0.0109523935,-0.023004312,-0.061863944,-0.0061292085,-0.026262097,-0.02023372,-0.0055497102,-0.0031372507
94,punct,0.23736407,1.6163871,-2.266183,-0.8700372,0.9959678,0.3585716,2.119048,-3.3192477,-1.8442932,-1.1332998
95,punct,0.3392735,1.6826686,3.9702482,-3.848261,-1.7299602,3.191057,-0.02328847,-3.1789691,-0.8170771,-2.08872
96,punct,-1.7169887,0.011307012,1.9432439,-0.056104865,0.46068048,0.34895548,-2.7676105,-0.022935817,1.1095694,0.519155
97,punct,0.7018509,-1.7200886,1.4213529,2.0296917,-0.91766864,1.1507498,1.9271048,-2.153269,-0.47960785,-0.46528226
98,punct,1.4899517,-0.6964544,0.03271118,-0.3857221,-0.5692037,0.26648214,1.4658312,0.5831591,-1.2385173,0.7719678
99,punct,1.7032272,-2.258547,-4.058826,2.6471856,2.4697511,-1.0850382,-3.001182,-1.6758064,5.34825,-0.9651917
100,punct,-0.9852195,0.9743522,-5.4975142,-1.3070701,1.289354,0.9736027,-2.2930217,-1.0096592,1.1858627,3.8178337
101,punct,1.346452,-0.33684552,0.8510055,-2.973273,-0.8165744,0.9392645,-0.38216177,-0.7149084,-2.4654453,0.36311516
102,punct,-1.3621843,-0.42269215,-3.4042802,-2.594652,-0.50624573,-3.1033235,2.3398466,-0.81328213,-1.82436,1.697575
103,punct,1.2095594,-4.695028,1.4016327,3.2436051,2.2596729,1.1082547,-0.11545324,-1.2776375,0.0848701,-0.009004492
104,punct,-2.2771742,-2.0823834,-1.7842947,-1.8004215,2.2385306,1.911736,-1.212363,2.9717,2.3228743,-2.0945213
105,punct,-0.95697176,1.7426052,-2.9093752,-0.74148077,1.1088548,-0.4394154,-2.0613248,0.6877297,1.6253225,-0.33066607
106,punct,0.26944846,1.6784204,2.7324991,-1.6659864,-1.791469,-0.12121293,3.1718965,-0.4069696,-2.0335655,-1.7958628
107,punct,-0.8672309,-0.6750807,1.8038518,-3.7634764,1.2766414,1.1968691,-0.5299842,0.5708901,0.48026857,-0.5306854
108,punct,1.2902453,0.27609614,-0.67846084,-0.25970516,1.4746894,-1.1666102,0.7108304,2.7034066,-0.08050611,1.6437682
109,punct,-0.3689909,-0.7786051,0.7011928,2.065626,0.7768488,0.5397677,0.2723981,-0.18681136,0.3928921,0.2507319
110,punct,-0.4739735,1.0110348,0.20623156,-0.95847803,1.3311473,-1.2429752,-1.4901817,0.5356826,0.64616716,0.52217567
111,punct,0.269279,-0.2950784,0.15636006,-2.536754,0.9629104,-1.1644667,-1.1661173,-0.42983732,-1.3488677,3.1280782
112,punct,-3.2120543,1.9997889,-2.9201841,3.5314202,1.3712155,0.2785086,0.24005452,-0.10402689,0.3745979,3.009237
113,punct,0.04375729,-1.1165191,-1.5823245,1.4747338,-2.1727238,-1.5728322,1.3559788,1.2765521,-1.8159007,-0.70847285
114,punct,-0.90082115,3.1869261,0.2157179,-2.0772207,0.104901,0.5555761,1.2330912,-5.0093575,2.8010576,-3.1959374
115,punct,1.1604381,0.49241132,1.2061679,-2.7537951,-0.61187553,1.1199315,-0.7608804,-0.34826025,-3.1045687,-0.33953348
116,punct,1.2924494,-0.45748252,1.5694963,-0.5168673,0.42928356,1.2086116,-2.2938378,0.014923647,1.4397317,0.46287116
117,punct,-0.8454304,-1.794964,1.829603,1.1686354,-1.2739773,0.74231374,0.43868175,-1.7183288,-0.7300112,-0.4440672
118,punct,-0.7175307,0.5958344,-5.5007935,1.5621976,0.01704882,0.69485146,-0.1857946,-5.6625237,1.911167,-3.793937
119,punct,0.007843187,-0.61713904,0.75832766,-0.6263488,-0.75066066,-0.5426558,0.21542302,0.48556846,-0.5640637,0.58362645
120,punct,-4.1667476,3.0461352,4.2072535,4.2299304,1.5556364,-2.7673473,4.0299067,6.085815,-2.1618266,-3.4508607
121,punct,4.2106595,0.14692514,1.0597813,3.276945,-5.5837827,4.933072,1.3181753,0.7947024,-4.2244477,-2.3887088
122,punct,-0.7639758,2.9081297,-3.819585,-1.8598133,0.6946077,1.3326039,-2.8250625,-3.4378278,-0.35978657,2.2200153
123,punct,0.9681392,-1.5294174,1.1369796,0.5335254,-0.059036735,0.87405366,1.7772807,-1.3153236,0.8389632,-1.7275611
124,punct,-0.009720393,0.0037849634,0.012906787,-0.030381143,0.025403375,0.001362689,-0.0026282305,-0.006526454,0.004211083,0.05191778
125,punct,0.030215865,0.024360472,0.012469466,-0.030276835,0.012706218,-0.011032822,0.008422624,-0.0071610734,-0.028302558,-0.01541837
126,punct,1.6517348,-2.077896,2.509813,-2.4198022,-0.65294373,-4.072616,-0.38743433,3.8231208,0.33665892,-0.093177594
127,punct,1.1484023,2.49397,2.4186237,-2.5265815,0.37055245,0.30649945,-0.22588834,-0.23360306,-0.91031957,0.20403193
128,punct,-0.9366479,-0.27544397,-0.41207635,-0.3080805,0.3788385,-0.49607095,0.33368918,-0.19596934,0.42580938,0.43050328
129,punct,-1.5121614,0.29157686,0.7546947,0.33449388,0.28395206,1.0171939,1.1490474,-2.4022987,-0.7658427,-3.0985813
130,punct,-2.1266727,-2.4159536,-3.1923218,1.051287,-1.8332181,-2.909893,-2.0245519,3.8559792,1.4843769,-1.991733
131,punct,-1.4115961,2.0037227,-1.9853046,0.07669051,1.7146916,0.13230643,0.12211649,1.2404008,0.13557808,1.0729825
132,punct,-0.7259716,-2.7129745,-0.026305813,2.3114564,1.223534,-2.251187,0.51119775,2.4697475,-1.2481331,2.2078736
133,punct,-1.1692196,0.10915163,0.35795316,-0.6205511,0.44958836,0.96817863,-0.14712583,1.4955564,-1.621661,1.0218008
134,punct,1.3614935,-1.5815045,0.22980191,-0.60877705,-1.0660465,2.2367997,0.18083982,-0.56667954,-0.3117456,0.6658254
135,punct,1.7310499,0.5548891,0.30068785,-2.6149957,0.91282564,1.3660874,-1.2519494,0.5587874,-1.3579441,0.54925513
136,punct,-2.1153162,-0.20771554,1.6912466,1.7253574,1.2196599,-1.2337924,-0.08514863,-0.3775297,-2.0174115,6.082469
137,punct,3.1319776,-0.92445517,-3.3090658,-1.2766342,-1.6280223,2.2439823,1.0842805,4.241111,2.0277011,3.0947971
138,punct,-1.5195814,-1.2950379,0.086655356,3.6811244,0.25755328,-0.3074156,0.26185602,0.97487223,-1.7238599,0.55178434
139,punct,-0.9629337,-1.7361206,1.9608867,-0.36991847,-0.21367458,1.3815749,0.15080386,-0.34037107,-0.0968827,0.9101819
140,punct,-0.8437407,0.6033564,0.15271337,-1.7246426,-0.69581825,0.025972819,1.4193043,-2.476611,-1.541111,-3.4932323
141,punct,2.3219185,-2.0322232,0.7600748,1.8110545,-0.8163615,1.6300852,-0.18996477,-1.1674196,2.073907,0.015641559
142,punct,0.6050904,-1.5145111,-0.38117003,-0.8421868,0.4695988,0.71258175,-2.0384617,0.5934222,1.1867135,-0.5461905
143,punct,1.470505,-3.1634166,-3.2201474,-2.6065385,-0.1277715,-1.7850628,0.8564794,2.3733842,0.45413738,-3.758705
144,punct,3.0532832,0.9579471,1.9809586,7.613152,-1.3073664,2.6665025,3.5986354,-2.525105,1.458107,3.99971
145,punct,-0.09141222,-0.81135887,2.1260672,-1.5908153,0.18998805,1.603931,0.07616176,-0.107539184,0.06956546,0.4928538
146,punct,-0.80054265,-0.6256034,-2.961488,-0.054845866,0.20732735,-0.9295296,1.5818212,4.2665944,1.3501914,2.7861674
147,punct,-1.0793623,-2.3746495,1.5894673,0.35567564,-0.26875147,-0.648493,1.3431345,1.1167798,0.48746026,-0.49053326
148,punct,2.0983446,-2.5557046,-0.9756573,0.442119,-0.69794077,-2.8388646,-0.92663556,-0.07576293,1.5164334,-3.6976933
149,punct,0.062195458,-2.3730016,0.7267976,2.3997624,-1.3359809,3.6062632,0.36390597,-2.298001,0.77685905,-0.361486
150,punct,-1.3894056,1.2641217,-1.7656384,3.0610154,-2.6889596,0.19563363,1.8131188,-2.2808144,-1.2563664,0.45543063
151,punct,-1.0423759,0.5483939,-0.86987656,3.1237228,-2.6112556,-2.155777,-2.3150613,2.6603742,2.6364532,-0.20628612
152,punct,-0.11236862,1.0728132,-0.121642604,-1.581734,-0.35334295,2.0262296,-0.536721,-0.3695648,-1.2993758,0.3478851
153,punct,-1.8264443,-0.7728135,1.119942,-1.0086564,2.3813388,-2.089693,-0.4071043,0.26067528,0.57548475,-2.271282
154,punct,0.0037051484,0.012622263,0.017605206,0.004307654,-0.003314376,-0.010582451,0.0010221909,0.025623662,-0.006663029,0.010076465
155,punct,-0.013509215,0.02084918,-0.0029643336,0.03980752,-0.020459196,0.014548889,0.032115933,0.007816663,0.012926955,-0.004687889
156,punct,0.12449645,-1.8051246,1.4450254,2.597594,0.52097815,5.3036065,-0.43947777,-1.0499843,2.9776404,4.7602873
157,punct,1.112044,-1.3394438,2.5857139,-2.3262782,-1.0373408,0.3767139,0.5294111,-2.5024962,-0.47392207,-1.9506724
158,punct,-2.0543594,1.890131,2.2207901,-0.53427607,0.761634,1.0582442,0.9346272,0.104399286,-1.5850633,4.857978
159,punct,0.011351731,0.018833058,0.01570117,0.020792183,0.008506367,-0.02457782,-0.00031424902,0.027373878,-0.00091309607,-0.00055735116
160,punct,2.4732466,1.2941049,-6.25429,-5.207873,4.3981056,2.82113,1.4230984,0.38466078,-4.6631765,5.4785166
161,punct,-0.57844436,-1.9004005,3.0891302,0.62131125,-1.4481418,-0.8129994,1.8965976,1.7782826,-1.6837226,-1.6538805
162,punct,0.48763505,-2.1944377,2.965999,-0.58338696,-0.18975356,0.7761738,-0.6707137,0.24158882,1.7344937,-0.45012408
163,punct,2.923837,-1.9924215,-0.59225035,-0.12256765,-0.8414637,0.23417883,-0.04426151,-1.2643595,2.0515707,-4.2057776
164,punct,1.9338388,-1.808227,1.8606955,-1.0610857,-0.68253314,-0.56430084,0.21349461,0.08533158,0.671107,-2.1837864
165,punct,-1.0152261,3.471338,0.84604746,-1.0887358,-0.40013525,-2.6902065,2.5955741,1.8443764,-3.0243118,-2.2867775
166,punct,2.5908904,2.6997893,-1.6399833,-0.9321616,2.5129867,2.352477,0.609083,1.3974438,-1.7963609,-0.42771176
167,punct,-1.8129723,-1.0731289,3.4271064,-1.7252072,2.4823985,0.19358891,3.878757,-3.1333015,3.6222627,1.8627964
168,punct,2.5869603,-2.2156286,-1.957076,-0.29683483,-1.662746,1.5552511,-0.43611455,0.21637,-1.9523818,3.4469109
169,punct,3.1054413,1.8575774,3.2687094,0.12578398,2.6044803,-0.34941933,-3.792376,3.5525281,0.11573444,0.14982574
170,punct,-0.0025635376,-0.0018287315,0.022647943,-0.036751576,0.028472103,0.01293452,0.05002415,0.018407067,0.0400589,0.0062472234
171,punct,4.0606203,1.2321397,-1.2386006,-2.5563638,-0.17934087,0.8322316,-1.9874337,-1.0386411,0.16702525,0.17578359
172,punct,-1.0174298,-0.33135805,1.0192786,-1.237567,-0.45960817,2.6878984,2.1274354,-2.4633963,-2.5254169,2.2947137
173,punct,0.00044706432,-0.019383755,-0.030218154,0.0072959447,-0.055358175,-0.007826627,-0.02578997,0.018090503,0.00392548,0.0022046517
174,punct,0.016972566,0.01696624,0.017677192,0.031857293,-0.022213066,0.02117725,0.016400924,0.021679772,0.014159154,-0.009514199
175,punct,0.025980804,-0.027239911,0.0048656454,0.027052633,-0.010779765,-0.0068609593,0.012251145,-0.00409561,0.0067279493,0.00466181
176,punct,0.005177849,-0.021579292,0.009204009,-0.03339217,0.0072309705,0.007925082,0.006417166,-0.018219097,-0.00081967254,0.02268237
177,punct,0.028517209,-0.002293712,-0.017477464,0.00053856295,0.0062546274,-0.006897169,0.018136224,0.023197636,-0.03436458,0.007870416
178,punct,-0.031664588,-0.0005481661,0.024655614,0.0066437954,0.021412525,0.004360504,-0.013047061,0.00012830245,0.00732681,0.014171792
179,punct,0.04690659,0.037043698,0.007586316,-0.0003801704,-0.044776823,0.029749738,-0.0129905455,0.007520389,0.008343521,0.016834514
180,punct,-0.013758366,-0.01862665,-0.012607407,0.01969012,-0.025965936,0.021173496,0.0029747118,-0.026752809,-0.019551937,0.004336362
181,punct,-0.018816764,0.02666233,-0.023171179,0.031455852,0.019653218,0.013210191,0.0009502276,0.036105085,-0.035904408,0.00633825
182,punct,-0.027656795,-0.0047046184,-0.0085763335,0.011021099,-0.014572685,-0.016992407,-0.0148998,-0.023222284,-0.004397153,-0.01047803
183,punct,-0.021931434,0.0020557425,0.001398261,-0.0123919565,-0.007200752,-0.016058674,-0.012928524,0.009247881,-0.0497896,-0.017669445
184,punct,-0.031951927,-0.012020988,-0.027785249,0.00703073,-0.004876598,0.0085368985,0.003792777,0.015233024,-0.0030220107,0.018553833
185,punct,0.030857265,-0.0071853898,-0.010917342,0.0023473748,-0.03024043,-0.06474384,0.0047197556,0.014069022,0.02263331,-0.001496559
186,punct,-0.013857772,-0.020667782,0.015428841,0.01818661,0.002796239,0.005749343,0.0055487817,-0.019916495,-0.005478747,4.565725e-05
187,punct,0.03802671,-0.014324334,0.010560901,0.013078294,-0.019977722,-0.017017247,-0.046748064,0.013419234,0.010877756,0.0032825493
188,punct,-0.008971368,0.018342588,-0.0029611378,0.019745966,-0.06175856,0.0073967404,0.035652798,-0.023269167,-0.06602453,-0.009479448
189,punct,0.023689168,0.018518,0.0021469397,-0.02174396,-0.0076657985,0.0055067847,-0.005055672,-0.01529706,-0.03451035,0.03230066
190,punct,0.0030902158,0.01006751,0.008528432,-0.02309711,0.03180553,-0.009347764,-0.020095121,-2.124634e-05,-0.0046081254,0.019798309
191,punct,0.020314664,-0.013402983,-0.0064982558,0.002334499,0.024703097,-0.005823651,-0.020731153,0.005239634,-0.0012036291,-0.023723522
192,punct,0.006135875,0.00051960506,0.05986665,-0.004918868,-0.001280362,-0.036618695,0.011070505,0.0108,-0.019931877,-0.009480527
193,punct,0.018120056,0.021393154,-0.019182907,0.029504012,-0.017046742,0.011565911,0.0034093084,0.0012568149,-0.01905561,0.029234849
194,punct,0.010887314,0.0075058667,0.014808791,0.0248681,-0.011343727,0.00683079,-0.021264205,-0.018206865,-0.0066000693,0.046938896
195,punct,-0.019310776,0.00024328922,-0.0045675985,0.024943944,0.03247616,0.022414042,-0.013575183,0.014639616,0.012218161,0.010310605
196,punct,0.0028116873,-0.0017151946,0.01657624,0.014251466,-0.017821072,-0.007364567,-0.008125005,-0.0061195623,-0.019728959,-0.025394697
197,content,0.0020437576,-0.002765144,-0.009141986,0.0022076075,0.007819404,-0.016435988,0.020913018,-0.016301556,0.0146289095,0.045026172
198,content,0.5958072,-2.3249915,-0.35926569,0.29441613,0.046650305,0.13842326,-0.036483303,0.03149774,-1.0036905,1.0983737
199,content,0.040696107,0.0009927475,-0.0088930875,0.036142163,-0.005185221,-0.031559728,0.023254342,-0.0010950735,0.02782441,-0.009684884
200,content,0.02345587,0.013606381,0.01667931,0.013270034,-0.013542104,0.0012510612,0.027588295,0.013672226,-0.029102923,-0.018885447
201,content,-0.028075688,-0.007330819,-0.015771203,-0.03207043,0.025233364,0.02721162,0.0065053925,0.004195825,0.0076864,0.0043697217
202,punct,-0.013082142,0.0070839594,0.019061845,-0.012380001,-0.016385958,0.032229617,-0.011453438,0.0127168605,-0.0038988793,-0.007717497
203,punct,-0.024731955,0.01477352,0.008314517,0.015168656,-0.0032981522,0.025242722,-0.021924762,-0.010389096,0.0045577637,-0.02279188
204,punct,0.017134283,-0.0077654407,0.00646752,-0.0054020146,0.0041076518,-0.009284984,-0.0023964306,-0.0005759609,0.028564036,-0.030414796
205,punct,-0.036560435,-0.006944829,0.0056164716,0.017071053,0.027423147,-0.011766229,0.006850145,-0.025954718,-0.01182035,0.029596388
206,punct,0.012421405,-0.0096305525,0.0048401663,-0.0017352017,0.016603129,-0.015086141,-0.0028581806,-0.030696336,-0.0002338059,0.04030468
207,punct,0.030617716,0.0014501923,-0.018479576,-0.00351641,0.03209727,-0.014835094,0.047355436,-0.0099271955,-0.002153482,-0.008647539
208,punct,0.03517305,0.01407953,-0.03732617,0.026310623,0.008704191,0.024206836,-0.020670336,0.004831508,0.0046140663,0.023376944
209,punct,-0.0030729952,0.031444214,0.031465232,0.03345244,0.004561048,-0.009301803,-0.0005333869,0.012132773,-0.031365164,0.007181426
210,punct,0.011234758,-0.035673685,-0.022497581,0.014138227,0.012041412,-0.022381302,-0.010593496,-0.005425731,0.010897811,-0.0064069033
211,punct,-0.03558203,0.0017508317,-0.0023805555,-0.0032164203,0.0580552,-0.0002203341,0.0038317444,-0.030497698,0.043828502,0.025949294
212,punct,-0.015123846,-0.028440826,-0.026543567,0.0033580768,0.029997718,0.004495251,-0.0008173447,-0.00092821213,0.0016654609,0.009876557
213,punct,0.011850813,-0.021404814,-0.004767518,0.00043461972,0.011500567,0.011246913,-0.029497968,0.015295796,0.01680307,0.03462357
214,punct,0.0016490598,0.0039837486,-0.0007679828,-0.04038706,-0.0034309952,0.023083705,-0.0055177878,0.012971122,0.03472021,-0.012718037
215,punct,0.029340051,-0.013234152,-0.0109429695,-0.027717203,-0.033133898,-0.028634952,-0.011147755,0.00015588384,-0.013224845,-0.0043922914
216,content,0.023811186,-0.014594136,-0.0122556705,-0.012945769,-0.017023947,-0.0208887,-0.008020532,-0.01144968,0.024025798,-0.060219016
217,content,-0.008834717,-0.010895071,-0.021017537,-0.0013482864,0.007436647,-0.0071017966,0.011453433,0.0181095,0.012054754,-0.009763466
218,content,-0.027294459,-0.027155086,0.012431091,-0.017073022,-0.026942467,-0.02192269,-0.0057078567,0.02369564,0.011625254,-0.016528923
219,content,0.013420643,-0.01695385,-0.010005309,-0.018292116,-0.008704802,-0.005045085,-0.016030293,-0.02626843,0.015510885,-0.04365751
220,content,1.3968307,-0.576718,0.5159832,0.26226503,0.060109723,0.5677251,-0.10738677,-0.498838,1.6362268,-2.278456
221,punct,0.008429893,-0.012038086,-0.0023006627,-0.0008418782,-0.003198395,0.013280167,0.03003221,0.009254843,0.013299935,-0.022518834
222,punct,-2.0546873,0.04203735,-1.3676775,1.5595368,-1.0476929,-1.8681726,0.06506212,0.15473725,0.058542877,-0.81070703
223,punct,0.2773614,0.1174285,0.56866884,0.7921751,-0.3308884,1.1859262,-0.25179115,-0.9045097,-0.10709338,0.38526845
224,punct,-0.5371678,1.2246708,-3.192517,-1.4353395,-0.0041929,-0.15545198,-0.5828548,2.6780486,0.22928694,0.74234134
225,punct,2.1055758,-3.1283376,-4.957132,-0.3499739,-0.09363434,0.99072057,1.4699377,1.8709878,-0.94165415,1.5259266
226,punct,0.123097494,1.3658106,-0.5296581,-0.6119598,-0.11434568,0.102107115,-1.0892624,-1.9516946,-1.4844853,-1.1084108
227,punct,1.0035118,-0.11109995,2.2837198,-1.009865,0.7682723,2.202322,-0.40511316,3.4844096,-2.4364836,0.37995487
228,punct,0.6099021,-2.7673948,2.740292,5.0522213,1.317165,0.69443923,-0.077942275,-1.3447196,-1.7543757,2.572683
229,punct,1.2849818,-2.2433996,2.2514985,1.9598862,0.4909821,0.8800972,2.576495,2.2820725,-1.3576055,5.898792
230,punct,0.4866553,-1.5713915,0.052874252,1.4224129,-0.92539805,0.7001986,1.6284883,0.25980395,-1.1054459,0.44735596
231,punct,1.6621643,0.5046293,0.05414762,-2.6509144,0.46463868,0.9730864,-0.6192147,-1.3174459,-3.0898457,0.28225783
232,punct,1.4252869,-5.4898086,-9.476261,2.0667403,-3.1836026,-0.26020533,1.4119446,-2.9396117,-5.3455815,7.079093
233,punct,-0.60443926,-3.8925815,2.179948,2.1980004,0.90686333,0.9581922,0.4925254,-2.9206707,2.7839053,-0.7346012
234,punct,-1.7519243,1.0165862,-1.9045306,2.4605224,-0.48279908,2.0363028,0.22777566,1.0868866,-1.0295871,0.48474327
235,punct,-2.624528,1.1560469,3.369198,1.8132347,1.37802,1.5817465,-0.8551038,-0.3428621,0.24831082,-4.461772
236,punct,1.2542874,1.4414077,0.23306681,-3.1462102,2.1376927,-1.6040272,-1.0074373,1.950502,-2.6073222,1.3289254
237,punct,2.913846,-3.6202526,0.5717438,0.14659093,-0.930221,0.9490205,0.1880668,-1.9157914,-0.8956008,-4.6123834
238,punct,-0.09239486,0.32689762,0.8811645,-1.1060125,0.820743,1.4167815,-3.0923934,-0.754633,1.5935824,0.34374702
239,punct,-2.965314,-1.2040663,3.3583934,0.70776474,-0.6896254,0.8379226,0.037151728,-1.9744635,0.9019238,-0.0670405
240,punct,2.4132211,-3.5244892,-1.8829511,-1.6432587,-0.65813917,0.68682516,-1.0947777,3.3010898,-0.034886934,3.3118618
241,punct,-0.319111,0.5902669,5.03392,-1.662921,1.9402657,0.62459725,-0.3873824,1.8907727,0.6245096,-2.4600396
242,punct,-1.0020992,2.311562,-2.801745,-0.6516905,-0.03466697,0.92278093,3.0777783,-3.1946006,-1.0551653,-1.7812059
243,punct,1.4769917,-2.0540102,0.31760037,-0.023266548,-1.5357441,0.023880625,1.6831996,-0.31429243,-1.0957754,0.20029575
244,punct,1.3651336,-3.355208,1.752864,-2.4301326,0.80107355,0.69024724,-0.5549389,3.4562404,4.545328,1.5933214
245,punct,-1.420938,0.15430039,-3.5896401,3.8323307,1.2986819,-1.6153377,-1.715305,0.14636526,3.333028,3.6635702
246,punct,-2.066708,-1.6620753,0.6190085,2.1762602,-1.3468097,-1.8910084,-0.72817147,-0.7201916,-1.1595218,0.15531817
247,punct,1.6618955,-1.5244253,-1.0486418,-1.0864109,-1.6918552,2.3119054,2.473204,-1.4074993,-2.073785,2.7747583
248,punct,2.3726094,-4.4595346,-0.5864029,4.145508,1.54359,-1.3670802,-0.59421176,-1.0768036,0.60265577,-2.3109899
249,punct,-0.41276628,0.34513238,-0.22375624,0.86286974,-0.9853151,-1.7967539,1.4432516,1.9137355,-1.2071952,-0.7539191
250,punct,0.029258484,0.6823109,1.1256878,-0.46151036,0.8556927,0.6244894,-0.8733627,1.4630339,0.64391667,2.0552485
251,punct,0.35552302,-1.1737585,-1.5037717,0.5821781,0.42689267,-0.122499965,0.23186255,-1.2289177,-1.0456048,-1.5579854
252,punct,1.0889412,-0.22795649,0.22887923,-0.2586912,0.85411847,0.29711878,-1.7118295,-0.8698138,2.1618273,-0.45475623
253,punct,3.5820754,-2.7410324,-6.9798455,3.5603359,-0.5302388,0.4586499,-4.1351886,-4.5089917,5.464369,-2.93546
254,punct,0.4112768,0.12789172,1.9343344,-0.8522254,0.54056686,1.8169167,0.46915185,-0.28305426,0.5587817,-0.068821795
255,punct,1.6700271,-1.3520594,4.0651417,-1.535502,0.08695368,1.6077996,0.8858497,1.2666963,0.8295121,-1.3925786
256,content,1.5377498,-0.16020826,0.94597584,1.8303832,1.3046067,-1.8657035,3.234252,-1.6388522,-0.4976896,0.733102
257,function,-0.41821772,-0.22726202,0.770317,0.6193444,0.063936695,-0.35847688,-1.1476147,-0.40589365,1.0167934,0.304658
258,content,1.5838823,-0.98557365,-0.88907146,-0.17393,0.29152688,2.0971248,0.18234019,-0.589328,-0.37093544,1.6818827
259,function,-0.071095735,2.9002523,-3.6416676,-0.8275487,-1.0862474,-0.27859217,0.23928046,1.5501251,0.97976893,-0.25289413
260,content,0.5547367,-0.41999483,-2.6013246,-0.3911446,-0.27978683,0.19481239,-0.05486478,-2.4710343,-0.47585815,-4.619549
261,content,0.9892988,-3.864975,5.57099,1.76411,1.0199431,-0.20908779,0.35680678,-1.1783785,-1.4476559,2.681143
262,function,-0.5561633,-0.47708976,0.7682646,0.4143177,0.6571706,0.30119112,-1.4739351,-0.02776127,0.32208085,0.8344402
263,content,-0.5453464,-0.8274273,4.7283926,-0.052195247,-0.16803919,0.51234996,-0.34006882,-2.873233,0.45225605,2.0883934
264,content,-0.55671835,1.5053061,-2.2332363,2.586439,-0.1606917,-0.90951276,0.5448005,-2.1892567,-0.46559688,2.6525533
265,content,1.093978,3.412229,-1.0019976,-4.620087,0.51960886,-1.2733227,0.29449135,0.86228406,0.121189535,-0.9255494
266,content,1.2247252,-0.6392202,0.57603663,2.355671,0.21827516,0.74186885,-0.5399513,0.4847464,-0.5182709,-0.9025778
267,content,-1.2361853,0.228737,-1.8811054,-0.9945162,-1.5021911,-1.4765764,2.2071168,-2.2705,-0.6044247,2.4313686
268,content,-0.113726735,-0.62275624,0.10811969,0.6489087,-0.072298564,1.073429,0.06747475,0.9845008,-0.87305546,2.2696886
269,content,-0.059368093,1.3622366,-1.7929465,0.59566385,1.1418648,-0.8760862,1.1126046,2.125874,-1.2250881,-0.3307811
270,content,-0.8398851,2.930698,3.6119478,-2.2645693,0.93061674,-0.9402722,-0.9734524,-0.11983873,3.1730125,0.8670414
271,function,0.50277245,0.09842066,-0.9085606,-0.2534301,-0.9326063,1.4021531,0.73737884,-0.6460553,-0.55393845,0.966991
272,function,0.11678754,-0.86098194,-0.063085854,0.067023836,0.48561156,-0.43232766,0.11854701,0.96258855,-0.005132382,0.38726404
273,function,0.39346436,1.9709136,-2.8225634,-1.2086746,-0.42757845,0.71180606,1.2471013,2.5966122,0.5967394,-0.36151776
274,content,0.23687036,-0.23772156,-4.18872,0.26281217,0.2566531,2.8996196,-0.24508947,1.444671,-0.011401579,-3.131482
275,content,0.811398,-0.3136199,-0.27625766,1.8519976,1.5683417,-0.21356212,1.75725,1.1565349,-2.2195263,0.023675587
276,content,0.100334264,-0.12308874,-0.86110544,-0.14034115,-0.045331724,0.4706442,-0.6927489,0.86363864,-0.029635238,1.6938295
277,content,0.1036555,-0.7174759,-0.31675747,1.7743238,-0.51641625,0.54216176,0.40905258,0.73794895,-1.0998243,-1.7929535
278,content,0.97905463,-1.4261165,-3.5349247,-2.3225965,0.005496941,0.4088786,0.37965378,-0.57473046,-0.9352694,-2.3648539
279,content,0.10660621,2.6215892,-4.0171976,-3.8463032,-2.0679533,1.849052,0.39571884,3.0077038,3.483944,-0.99862415
280,content,0.49132004,-0.4279404,1.0119944,-0.81247675,0.32990578,-1.9409516,1.4899997,0.7203182,-0.3747118,-2.002727
281,function,-0.2536255,-0.15572314,0.71371156,0.5119507,-0.1649053,-0.32349947,-0.6713989,-0.5603499,0.67414993,0.14175017
282,content,-0.8882426,0.026851682,-0.9177281,-0.33429527,0.21062082,-1.4603517,-0.4987993,4.2812676,0.66991055,4.7273273
283,content,0.73457664,-1.9551306,5.125826,-2.6416464,1.3664105,-0.29869598,-0.6589697,-1.1872814,1.3162519,2.519794
284,function,0.85271025,-0.5172582,0.44105208,0.4338547,-0.21349104,-0.39917707,-0.9180948,-0.9730663,0.043119963,0.2548958
285,content,-0.34982836,-0.4027546,0.48972192,-0.5040893,0.20142618,0.49517092,-0.8612204,-0.3573257,1.616948,-1.0104482
286,function,0.079431176,-0.16146846,1.3904551,0.2880837,0.15105747,-0.90907776,-1.2594808,-0.090230666,0.48790064,0.0034815988
287,function,-0.009281035,-0.2595839,1.8452016,-0.059559308,-0.13190053,-0.8783316,-0.8554758,-0.09771656,0.3469628,-0.29344127
288,content,0.098541245,-1.350072,-1.9167051,0.2981774,-1.4489584,-0.78806424,0.44414094,0.4735749,1.0003911,-3.1465962
289,content,-0.38226935,1.3253052,-2.479619,-0.73679113,0.28763118,0.48621562,-1.8002763,2.8228226,0.57325524,1.398491
290,function,0.54403067,0.08527671,-0.8594985,-1.2352363,-0.16682793,1.6951469,1.3421643,-1.1863723,0.012754439,-0.7989426
291,content,-0.85794014,-0.07947837,0.26114598,-0.31701213,-0.4701167,0.24842024,0.06900292,-0.5874211,-0.5639324,-0.65403754
292,content,-0.8264766,2.5983846,-3.3494184,-0.8639633,-1.0324837,0.87790483,0.8136769,2.770884,0.50537145,0.7996815
293,content,-0.39881536,3.4874134,-2.1658409,-3.1452699,-1.0578074,-1.1762938,0.9978091,2.8659608,0.6021013,0.6344817
294,content,0.2692115,-0.65449643,1.776246,-5.9054627,-0.11491065,0.061633427,-1.1428012,0.04007265,2.4913383,3.8460703
295,content,-0.8972217,0.23356344,5.391506,-0.587199,0.25067973,-2.5386012,0.06605902,-0.7818458,0.9481782,1.6324826
296,content,0.047229454,-0.3622375,-0.61337835,-0.99089247,-0.1885832,1.919029,0.50157255,-1.1276906,-0.037354194,-3.6079888
297,content,0.25385273,0.35600382,-0.019106895,0.3445712,-1.7171096,2.0050683,-1.1191481,0.39000762,-0.62915534,1.8851235
298,content,-1.0585494,0.27570456,2.3853772,-1.065007,1.2523756,1.4792495,0.3115307,3.7508643,-1.382021,-2.0235267
299,content,-0.3021628,0.8495158,0.5753176,2.0106947,-0.20813775,1.383702,-0.65937924,0.00018359582,-2.603817,0.6047378
300,content,-2.9318314,1.3919696,2.125165,2.2999113,-0.4910448,-1.0796235,-0.31368816,1.1616462,0.92889684,-2.954428
301,content,0.39138594,2.05095,-2.2524867,-1.0423288,1.2698699,-0.1205489,-0.35548228,0.6713712,0.7362602,-1.3958359
302,content,1.247375,-0.4844895,-0.8999776,-1.0546271,0.5152138,0.11026673,1.2136195,0.6384245,0.645204,2.1122522
303,content,0.50661856,-0.7627255,1.2808374,1.6482872,-0.22029163,-1.7338896,-1.2406669,-0.0422031,0.064461544,-2.9123535
304,content,-0.30656293,-0.9280608,1.2605458,-0.7333758,-0.9617031,0.4391084,0.6117523,-0.6546297,0.6638379,1.0760683
305,content,0.5034753,-0.38829148,-0.4993244,0.24450937,0.45343673,0.37704694,0.23475863,1.7838432,-1.1706636,1.9763337
306,content,-0.40272728,-0.23325926,-0.00089548307,0.062927164,0.17719416,0.48329818,-0.5075002,0.3684974,0.8720677,0.4374639
307,content,-0.58751565,-0.5541145,1.0589514,-0.09452418,0.008402748,-2.5748715,-0.31046024,-1.5362315,-0.76615965,0.004322614
308,content,0.54899836,-2.0296862,0.12098586,-1.2993118,0.03161454,0.9428854,1.7533333,-0.7304987,-1.201882,-0.784419
309,content,-0.078119494,1.1051078,3.4914875,-0.9160009,0.017543098,0.43687466,0.40039176,-2.148336,0.2493813,-2.12512
310,content,-1.1829647,1.1238426,-1.3139311,2.9597063,-2.0639353,1.7916493,-1.3818413,-3.7242355,2.4905922,-7.0136223
311,content,-0.3658046,0.59564745,0.48600134,0.45303106,-0.42261115,1.5130686,0.6361937,-2.6499119,-0.15067735,-0.117502145
312,content,-1.4754792,0.6464281,1.304127,-0.28127152,-0.044013374,-0.9458396,-0.18831916,0.8425211,0.32518125,0.65695053
313,content,-0.28897768,0.118780226,0.12005255,-0.15514116,-0.43247476,-0.12610407,0.469036,-2.2173607,2.8120203,-2.8015804
314,content,1.3092693,-3.6952014,2.7455297,-1.7327262,-1.2192397,-0.51115936,0.63642734,-3.4068222,-1.6598778,2.1043763
315,content,-0.06242476,-1.4126587,2.0709593,-4.3909483,0.30307364,-0.24604598,-0.31906167,1.08674,-3.5140877,1.0662342
316,content,1.4114373,-1.1237185,0.38347054,-4.345722,1.1097448,0.29510975,1.4400702,0.7820907,1.9041656,4.267312
317,content,-0.530118,0.101678886,0.021296656,0.3254869,0.5354708,-0.04229392,-0.8226363,1.2331952,0.41371238,1.028875
318,function,0.24608834,-0.7709671,0.8181232,-0.1396708,1.6443254,-0.274805,-0.50055045,-0.15834145,-1.1859449,0.010588804
319,content,0.0059035816,-0.5702054,-2.4464428,-0.79754865,0.018788291,0.6982706,-0.4395128,-1.2524079,0.15632778,-0.51273644
320,content,0.48727623,-0.4298216,-0.76997036,0.17378943,-0.3579994,1.8664428,-0.25566918,-1.1378939,-0.31717575,1.4790909
321,content,-0.68858063,-1.7336854,4.367121,2.8685641,-0.3676861,-1.1671865,1.1767948,-2.6009758,-2.7773356,-1.529058
322,content,-0.37157673,0.6979734,4.4946146,0.25829336,-0.4049046,-0.073025994,0.8465513,-2.2777286,-0.17945197,-0.31930038
323,content,-1.160334,0.5880261,5.1832533,-1.3456825,0.55193824,0.42675078,-0.13453285,-1.2558391,1.304678,0.45313928
324,content,-1.1796645,0.6401826,4.5845647,2.7994633,-0.72284395,-1.979178,-0.10977048,-0.37225813,-1.10352,-0.73754317
325,content,0.7341782,-0.1177048,0.2680146,-0.13186857,-0.3884699,1.78839,-0.40377298,-0.8600935,-0.15391059,1.7567236
326,content,0.07792216,-1.3629715,-0.19972037,1.0987871,1.1551492,0.071891166,-0.8489425,-2.0460608,0.3437726,-0.6507646
327,content,0.16556114,-0.41873178,-5.141876,-1.8180051,1.0748595,1.3430325,-0.40344572,0.11631194,1.6590002,2.3670328
328,content,-1.594841,-2.7170136,1.8819126,3.4288433,1.1958052,-2.3556848,-1.6241109,4.827852,-3.2031639,2.4812977
329,function,0.1977385,-0.028804148,-1.8849978,-1.1841784,0.10994331,2.2092307,0.30872524,-1.7840145,-0.19696474,-0.12581068
330,content,0.18193766,1.8518858,-1.5694622,-2.7259083,0.56167483,-0.9736165,1.3444569,2.182855,1.1384315,-1.0038007
331,content,-1.3882564,0.22219698,1.2636774,-0.16526704,-1.3372133,-0.6364396,0.82592213,1.4469455,-0.7865023,-0.887818
332,content,0.8581405,0.0104142595,0.33764634,-0.708043,-0.9095182,-1.0897719,1.5020295,0.29258603,-0.9620665,-0.6502721
333,content,0.6411134,1.4046612,-3.4426906,-1.949807,-1.6359435,0.2838593,1.3273528,3.41998,0.0693091,-1.4692763
334,content,0.1659621,1.6089528,0.26585254,-2.096691,-0.89369875,0.6584549,-1.3246117,3.3785343,-0.3143394,1.8702964
335,content,1.6603655,0.68314296,1.4602433,0.8234212,-0.87861645,1.4112725,-3.1234667,-0.886874,1.0072018,2.1224165
336,content,-0.054422937,-1.3911407,0.12132629,-1.1931069,-0.37878942,0.89833176,0.74700254,-1.1644164,-0.8898322,0.12980275
337,content,0.4821535,-1.1995445,-0.51212406,0.09028136,0.71583295,-1.1801594,-0.12616444,2.920018,0.35505027,0.30711877
338,content,-0.22864671,0.9179373,0.40018764,-3.9644973,-2.858389,-2.0786452,2.8410788,1.0571548,-1.2316588,3.5219674
339,content,0.7596653,-0.8753647,-0.55023277,-0.49887368,1.4060429,0.36574838,0.9648117,-2.9739094,0.8532459,-0.7959093
340,content,0.677713,-1.1453638,-0.34698796,0.15879251,1.0983307,0.7931298,0.58260906,1.2011846,1.8155695,1.3443303
341,content,-0.22471282,-0.24530944,-4.822687,1.8691858,0.277961,-0.016840024,-1.1645168,2.8867908,0.86159045,0.7592302
342,content,-0.7818056,3.0614212,-1.0872389,-3.969199,0.7424093,2.8055449,-2.3946557,-2.0495627,-1.6135052,0.62777644
343,content,-1.2661611,-0.21369138,-1.714531,2.4597363,0.5164907,-1.0617375,-1.2671729,1.5681139,0.014036831,-2.5230467
344,content,0.7459798,-0.14850065,0.24277973,0.0074246232,-0.28056654,-1.8091493,0.6212872,0.4848045,0.218993,-1.6281009
345,content,1.0724946,0.021007564,0.41361088,-0.6150044,-0.57204515,-0.105263084,1.4932773,1.0365099,2.490707,1.0182146
346,content,-0.35330886,0.67160594,-0.6984763,-1.8983239,0.2348995,0.63713866,0.7438861,-3.0993948,0.039911874,-3.1134226
347,content,-0.5916728,1.1846299,1.4282646,-0.52964324,0.05944895,1.1589148,-0.1641771,-3.1258757,0.1292369,-1.6713351
348,content,0.20617422,-1.5196445,-3.6549191,3.9429057,-0.81264365,0.44963738,0.94394976,1.5244701,-2.4565728,-2.411679
349,content,-0.08754174,0.86470485,3.6102047,-1.1612716,-0.9864713,-1.3017843,0.9087837,-0.7747677,-0.8032492,-1.6277937
350,content,0.47104374,-0.75176424,-0.8831499,-0.6268328,-0.87916374,-1.7054821,-0.37286273,3.089225,1.2121353,-1.9902792
351,content,-0.19308525,0.19524586,1.4642597,0.18807039,0.17079303,-0.7769603,-1.2351584,0.20124409,0.7608115,-0.1505798
352,content,-0.6284606,1.1459796,-0.8398602,0.041986693,0.5255821,0.689081,0.21198332,0.14600243,-0.7057896,2.97676
353,content,1.8027298,-5.1825943,0.6521893,1.8184675,2.3185642,0.761409,-0.45568457,1.1485778,-1.9294959,4.1179357
354,content,3.337728,1.9255217,2.1266563,-2.3065763,2.1021843,-0.346364,0.28457907,-0.16175006,2.909214,1.3048028
355,content,0.35761178,-0.3559643,1.1142652,0.35590076,0.78421533,-0.5607546,-0.77971005,-0.055893775,0.8229521,0.3404378
356,content,0.6816304,-1.1479641,-0.17005031,0.9838755,0.07733143,1.4003515,-1.3784161,1.9048703,-1.021757,-0.19967555
357,content,-0.25007117,0.44878104,0.81902003,0.2824162,0.7992497,0.24211748,-0.7321348,0.24468847,0.1175159,-0.033341315
358,content,0.2797174,1.6194468,-2.360632,-1.9587237,1.1779095,-0.017572144,-0.81218755,1.3724401,0.8260158,-0.38806567
359,content,0.111332,0.079600364,-0.7290479,0.31518412,-1.0601456,0.43432924,0.89281446,-0.27703017,-0.1981088,0.7777027
360,content,-0.38171482,1.3229879,2.1077735,-0.3479191,0.11121679,0.99943435,0.19948587,-3.0353458,0.3753655,-1.4390305
361,content,-2.0782816,0.10371161,4.6803184,-0.84552944,-3.0755043,-2.429068,-2.481111,-4.3623443,0.789522,-3.1310573
362,content,-0.124802485,0.93384105,-0.97303814,0.098759286,0.10994706,-0.17310219,-0.51850265,0.6704373,-0.59972394,2.6272044
363,content,1.2456168,1.8022685,4.9630632,0.37061715,0.27808484,-0.470664,0.23181342,-1.619254,-1.0265956,-0.059298206
364,content,-0.18945639,-2.1881483,-3.7581108,0.60201854,-0.7472651,-0.015507729,-0.66270673,3.6455035,-0.3658159,-0.19199532
365,content,0.21265338,-0.60305065,0.83759135,0.66850185,0.17814772,-1.8896788,0.22886224,0.18155327,-0.0031683282,-1.6041174
366,content,-1.229706,-0.046094168,-1.7013025,1.3762243,0.0068808664,-0.2436121,-0.7869393,-1.9190241,-0.44001794,-1.0813649
367,content,0.48998576,-1.0583086,-0.38228586,0.4885834,0.48201963,-0.9486861,0.23524038,2.4684956,0.04428091,0.38283053
368,content,0.7087469,0.8421635,0.6644596,-0.9325346,-1.3495423,0.9683476,0.2829893,-1.2621247,-0.5149694,1.3205086
369,content,-0.74185616,-0.8551802,0.90279937,0.53820324,-0.95182824,0.14343798,-0.24046925,-0.5435484,0.1693477,-1.112514
370,content,0.87196,-4.436938,2.344218,-0.28335354,-0.05997129,0.122269705,0.08355207,-1.5641692,0.9618567,0.6514612
371,content,-0.53600883,0.9480614,1.5245112,-0.14697428,-0.08239442,1.2640697,0.06666512,-3.273313,0.3748639,-1.3697689
372,content,-0.12661573,0.37165105,-3.482721,-0.82968307,-0.98609805,1.265848,1.1439383,1.6314496,0.069108054,-0.60334665
373,function,0.785111,0.5859882,-0.4164543,0.92418766,-0.21867499,0.9103892,-1.0030637,-0.30494225,-1.0569359,-0.71426415
374,content,-0.21268818,-1.3455999,0.4921279,-1.6315207,-0.72919637,0.88817245,0.3101943,-1.2963634,0.32099515,0.84473383
375,content,-3.3492737,2.8328617,1.8463804,-2.2761307,-0.21350549,-1.7700702,0.9246482,2.2218513,-2.3775148,1.7968333
376,content,-1.6789441,0.96134144,-4.4380307,3.7101126,-1.1515585,0.8099556,0.06280249,-2.407148,-0.7922253,-3.412507
377,content,-0.20440045,0.82508314,0.71274465,-0.7135467,-1.5722789,0.52376485,0.9643169,0.5421745,-1.1700103,1.6943501
378,content,-0.28226438,0.5089891,-0.035576325,0.47244868,-0.32949045,-0.28232852,0.048327398,-0.1275744,0.5937484,-1.2323307
379,content,0.86275876,-0.12720113,1.3669989,0.24594013,-0.094556615,-0.0769995,-0.45508894,-0.5811777,-0.2041748,-0.0637374
380,content,-1.3217746,1.3770037,-3.2280965,0.22740112,0.8733488,1.8553729,-2.713048,0.645924,2.7843525,-0.67760885
381,content,0.65374076,-0.032402016,-0.47868973,-0.16220407,-0.08417014,-0.17322041,-0.4944478,3.383846,-4.0074897,3.813001
382,content,0.37694588,0.43767288,-0.49584895,-1.4969779,2.0290635,0.34935236,-4.1070194,0.992673,0.13793243,4.0564528
383,content,-0.4447646,-0.1963776,0.23300672,0.38591632,-0.5064818,-0.37146902,0.03899871,-1.8206435,0.60594344,-1.3704973
384,content,0.3310584,0.8433562,-2.354636,-1.7570674,-0.887202,0.36542302,-1.381216,4.6709642,3.1244886,2.807994
385,content,0.5468826,-0.0662672,1.2696859,-1.2931654,-1.842092,0.8567959,1.8725847,-1.562407,-1.2526661,1.1476953
386,content,-0.7259721,0.5062775,0.7768577,0.98231506,-0.5016876,0.22187375,0.07998233,-1.8046906,-1.6032692,2.2167625
387,content,-1.4048113,1.7710774,-0.11186757,4.493139,1.1530282,-1.5248973,-0.88656247,3.3316112,-0.4435636,1.7644482
388,content,-0.13895163,-0.07956907,-4.00507,1.5646409,-0.27323228,-0.35261887,0.95647174,-4.694004,2.012153,0.17994982
389,function,0.8424883,0.011177426,-0.2148138,0.4963698,0.51564974,1.2418923,-0.5943287,1.7453264,1.5924512,-1.1134868
390,content,-0.5346278,-0.85750324,0.5080172,0.043169383,0.23284064,0.6658538,-1.2670645,-1.9840342,1.7593818,-1.3600136
391,content,0.3459364,-4.288987,2.382482,2.024301,0.57493174,-0.19763668,0.029254979,-1.4898525,-2.689461,2.1261654
392,function,0.14109105,1.7308593,-3.5154757,0.20116991,-0.49877232,0.7626803,-0.2683062,0.24704981,1.8681163,-1.1311681
393,function,-0.17515321,-0.7002465,0.99822015,0.24964796,1.3268944,-1.0430175,-1.9625291,0.20569976,0.10052524,0.66272604
394,content,-1.8442464,0.9731034,-3.8056128,-2.3728383,0.08083277,2.5664477,-3.146329,4.149435,2.3338418,1.0375687
395,content,-0.97590196,0.16085638,0.8229457,-0.39309022,-0.6604197,0.60579073,0.38342178,-1.0186512,-0.2635264,-1.24865
396,content,-0.6237344,-4.8355637,2.4723246,0.1246753,-0.6637197,-0.05163967,0.11336256,-3.2540379,-0.9841909,1.5560695
397,content,-0.9886861,-0.7465365,5.3936105,0.69040483,-0.90708864,-0.09146331,0.509112,-1.7571927,-0.7730933,0.9922078
398,content,-1.1282382,1.1434003,-0.08557074,1.9891708,-2.0494952,1.5822026,-0.41565236,-0.77041316,-1.2969186,-2.5738676
399,content,-0.56761837,0.6461763,0.21091361,0.32782936,-0.40112957,0.88203025,0.3989828,-2.1511276,-0.33687562,-0.20986778
400,content,0.74650687,2.025556,-2.4726133,-1.4736838,1.0751799,-0.2238391,-0.39514494,1.177841,0.10431503,-0.8939415
401,content,1.730794,-5.1698227,-3.191074,0.21604289,-2.462463,0.75448585,-0.21499515,0.93897367,3.1265886,-0.3891863
402,content,0.5142003,-0.28229573,3.206856,0.40749905,0.36655834,-0.13824844,0.3929805,-2.7755058,0.4442946,-1.042056
403,content,1.0179095,-1.0428398,1.0316917,-0.97814125,-0.5667424,0.48043755,1.4780344,-1.7795597,-0.29014525,-0.22394621
404,content,-0.5572402,-1.5984877,6.5949965,0.3636696,-0.16231427,-1.7439024,1.0539352,-3.0887263,-0.44744334,0.7874953
405,content,-1.1881982,0.59152967,0.43478218,-2.311088,-0.9109374,-1.289506,0.23924358,-1.7302593,-1.549827,2.5230126
406,content,0.2615241,-2.6412978,-2.1964686,-2.3435445,0.3109176,-0.003974448,0.87234324,1.4910476,-0.6156734,-2.1192622
407,content,0.6053086,-0.5545961,-0.92372996,0.63659847,0.7844993,0.33763015,-1.1719097,-3.0510025,-0.760669,-0.3903496
408,content,0.998914,-1.2916796,-1.2214074,-4.776788,2.7222626,1.4487768,-1.1440042,-2.4233122,-0.108851634,-2.0428512
409,content,-0.7921129,1.0591923,-1.8974328,2.1133697,-1.076826,0.6046811,-1.3562593,-0.1639328,1.8727597,0.28111216
410,content,1.91703,-1.2811649,1.021553,0.6199582,1.9102054,-0.95399886,0.05389433,-2.397542,-2.4354856,-3.1381824
411,content,0.42570806,-0.031400755,-0.8439491,-0.35888472,-0.10063854,-1.436285,-1.6072264,2.4094164,0.7194896,1.7017812
412,content,-0.58296233,0.6739529,0.927663,-5.5580416,-0.073086,1.2085202,0.3970485,-3.2346468,-1.9305793,2.0695074
413,content,-1.7855538,-1.826162,5.632867,0.752618,0.21329622,-1.3636364,1.4065965,0.5017736,-2.8621283,0.7479527
414,content,0.0057808277,-0.04335067,0.46286088,0.41136768,-0.6909274,-0.7864231,0.48790148,-0.44312388,0.48296526,-0.2768607
415,content,-0.76605767,-0.6284558,5.9716797,0.5179747,-0.6224698,0.43625388,0.27570593,-0.056062732,-0.32122293,1.5971189
416,content,0.07134465,0.16244546,1.2303344,0.75123763,0.36051002,-0.7968211,-1.2251047,-0.01207657,0.9473304,0.18207179
417,content,1.3906089,-0.22794025,0.49864578,-5.7526,-0.4493455,1.4228847,1.4177734,-4.292303,0.79817986,1.1284424
418,content,0.39939952,0.8716265,-2.6667142,1.4209977,0.1768507,0.5287966,-0.51673067,1.4195706,1.5550222,-2.6500728
419,content,1.8294358,-1.3705411,-4.9975667,-1.639839,0.21682575,-0.5400462,0.044389986,2.380726,-0.5283881,-1.4661943
420,content,0.83887357,0.720358,-1.3234717,4.091697,-1.8147001,1.7246822,-0.0793539,-1.0237209,-0.4310531,-1.7418171
421,content,-0.8354509,1.5800053,-2.356815,-0.7956216,-0.68880534,1.2880864,0.889897,-0.12215407,-2.2733393,-2.9285622
422,content,0.61670196,0.01358062,-0.5613407,-1.0046184,-0.03641974,1.289026,0.04305835,-0.92892456,-0.17524834,-0.15589863
423,content,0.7527237,-0.45187327,-0.23714946,0.7194034,0.84262055,1.1252292,-0.5319599,2.123173,0.92797774,-0.054045036
424,content,1.3961952,0.043184236,-0.21395886,0.3098357,-0.8065386,0.6172065,-1.0980834,-2.1385467,-1.9112155,-2.4622738
425,content,-0.3966319,1.7947357,3.8903654,-0.7292194,-0.40328735,-0.6519749,-0.5050567,3.458361,0.4924216,0.3444184
426,content,0.2671977,3.5064077,3.044143,-2.0541844,-3.4528966,0.051895566,-1.456182,3.6804848,-0.84607935,5.352672
427,content,1.3825828,2.145126,5.8896008,-0.34229082,-1.0819529,0.61777145,0.67093176,1.6438426,1.8157969,0.44064587
428,content,0.97593635,-0.893076,5.740396,-0.89800483,-0.04369095,-0.10822013,-0.22794674,-0.18313174,0.8942981,1.5756109
429,content,0.06660699,-2.0742736,3.7625232,0.26509804,-0.6925294,-1.8499508,-0.32830656,-3.34258,-1.0847193,4.2405524
430,content,-0.041868355,-0.39376676,-0.27827302,0.5735555,-1.303087,1.8489523,-0.13059889,-0.39659658,-0.6634265,1.9002689
431,content,0.68616045,0.95666695,-2.646304,-1.6768215,-0.66085684,0.48058254,1.2959008,3.601795,0.6532509,-0.1879053
432,content,0.22576295,-0.43261012,-0.4290728,1.0377358,0.38252488,-0.38478702,-1.870268,-0.66942495,1.5773108,-0.25050014
433,content,-0.024057835,-0.8292688,0.12825371,1.1634259,0.591801,-2.182782,0.0016346906,0.7081259,0.46396413,-0.8061407
434,content,0.132981,-0.16135655,-1.2650491,-1.0075269,0.18581568,0.54597485,1.297868,-0.5206243,-0.8842814,-4.496695
435,content,-0.9035679,1.0694882,1.2741622,1.2963781,-0.69283766,-0.6152364,-3.0247526,-2.9750714,1.9557253,-0.93830776
436,content,-0.5626877,0.5266681,-3.7293131,0.4327248,-0.26282302,1.642339,-0.24172148,1.9358312,0.1568042,-0.50382245
437,content,-0.643828,2.6516664,-2.156278,-3.205236,-0.3601101,-0.49859098,-0.11568192,0.44180846,1.400281,-0.33607823
438,content,-0.68264157,-3.793788,-0.9485195,-2.4089227,2.330217,1.8484875,-1.4803945,-0.6186683,2.6560273,-2.2373164
439,content,-0.10221396,-5.0775805,-1.8337835,-1.9075778,-0.23485757,-1.0008358,-0.16730207,-0.76959634,1.9012626,3.0074954
440,content,0.017503066,-0.04906206,-1.0866207,0.8179051,-0.35503837,-0.457462,-0.4282849,0.5344965,0.2669902,1.6604369
441,content,0.63635814,0.23002395,3.3765008,-1.1753123,1.7660966,0.28456935,-1.5336833,2.0670056,0.98419505,1.9091914
442,content,-1.0994732,-0.24547473,1.0285505,-1.7887745,-0.8104902,-0.27534473,0.643404,0.551185,0.0476207,2.3275027
443,content,0.3798971,-0.47737697,0.44453123,-0.20884703,-1.2174839,1.0081015,0.3657225,-2.3004062,0.07605455,-0.49914253
444,content,0.7082031,0.11821345,4.629164,-0.054084618,0.3528321,-0.54759884,-0.2586957,-4.931596,0.6510258,-0.7338887
445,content,-0.48531058,0.25509325,1.3805976,-0.30672142,-0.7982501,-0.30706432,0.25160939,1.5969722,-2.286866,4.3189173
446,content,-0.10034747,-2.782515,-1.0765347,0.5968487,1.1037087,-0.7859935,0.1721401,-5.5421915,2.400663,2.7515094
447,punct,-0.009664159,-0.0012899464,0.020213855,0.03356642,0.009437469,0.035053227,-0.01291927,0.03489858,-0.057983916,0.02440606
448,content,0.5873282,-0.810152,-1.0248911,-0.10541157,0.104926966,-0.22723195,-0.9112127,0.62859184,1.0724816,0.80713403
449,content,-1.1836833,0.6612623,-2.8192937,0.09758045,-0.058668643,0.8824416,-1.1896577,1.2244903,1.4117247,-1.1961286
450,content,0.8258015,-4.030356,-1.7492335,-1.2448146,0.77777874,-3.4019172,-2.7618234,0.8748067,-1.3809943,-1.6843377
451,content,-0.03860371,2.8264978,1.2349099,-2.0540128,3.1157246,1.7175112,0.8438126,-0.94147843,-2.399167,-1.2348543
452,content,-0.31150693,-0.35915798,0.9006297,-0.21595068,0.5348013,-0.24975674,-0.5477392,1.182485,0.6531163,3.3615873
453,content,0.19791386,-3.5168629,3.085465,-4.3258443,1.3608663,-2.4419901,-1.0313191,4.1108994,3.4886515,7.723903
454,content,0.98026574,-4.365277,-3.516388,1.6762646,1.0826111,1.7471005,2.7685366,2.5187817,-0.86329913,0.37156597
455,content,0.24214087,-2.4303916,3.1320467,1.103057,-1.2970071,0.499555,0.96215624,4.104355,3.4720514,-1.5866011
456,content,0.35482702,-0.6232576,-3.700814,0.1931503,0.3051004,1.7415638,0.8711536,3.180065,-0.66523767,-1.3548129
457,content,0.64897484,-5.0506206,3.1406953,0.68370616,0.48734513,4.6709733,-0.12823194,0.6734609,-1.6202625,3.558214
458,content,-0.27643728,-2.534295,-0.2853393,2.1797116,0.8366528,1.0497396,-1.9773663,-0.05110753,-0.68340003,-1.3545547
459,content,-0.63887703,0.8781843,3.8346486,1.3194335,-1.0764658,-0.7091869,0.3659835,-2.072388,0.47251835,2.0937464
460,content,0.6236029,1.0739453,3.274924,1.9644154,0.0933302,-0.73905104,-1.7908461,6.4350877,1.730206,-1.1789542
461,content,0.19944702,-0.22773859,-0.232365,0.3927786,1.2711809,-1.7434618,-1.1363013,1.5135373,0.71389306,1.0614944
462,content,-0.5770979,0.58187,1.4093174,-0.24685918,-0.639138,-1.9266107,1.1554234,-0.3978638,-0.84968084,-2.9551377
463,content,-0.1860192,-0.39405254,0.3087713,0.48170453,0.2780528,-2.202619,0.87744397,0.5207749,-0.3719188,-1.4292948
464,content,0.6307881,-1.6289539,1.0253043,2.5276396,1.3175838,-3.2492976,0.8245382,0.7831124,-1.097606,2.6824164
465,content,-0.25992343,-0.16195351,0.29466358,0.6629363,-0.2342262,-0.5519661,-0.16928445,0.05615801,0.7140377,0.6176814
466,content,0.59272736,0.0812595,0.8926977,0.5475824,1.1166667,0.66912085,-1.5451564,1.642693,-0.34468457,0.14086708
467,content,-1.170677,-0.76601654,-3.5982187,0.71069014,0.17220719,2.5428958,-3.144971,-1.3975248,-2.7522235,1.5274224
468,content,0.91632915,0.10092607,-0.48264784,0.4853718,0.10810547,0.8982483,-0.80849123,1.8415816,2.3561614,-0.48356438
469,content,-0.2617547,1.4674205,-5.0790076,1.1173164,-1.200558,2.9193122,-0.19461398,-0.68834555,-0.6758883,0.23509939
470,content,1.9280144,0.09127431,0.97382545,0.26977065,-2.4242017,-0.07198852,0.7248018,1.2398363,-1.5544484,2.3031206
471,content,0.3725874,0.15058693,1.2295924,-0.31339234,-0.32703167,0.2244738,-0.029732414,-2.6556706,0.85511696,-1.1587155
472,content,0.86718166,1.5204406,-1.208448,-1.0069922,-1.0574647,0.18612887,-1.3344761,-0.7772095,0.6096826,-2.5285795
473,content,-0.47509378,0.16179912,-0.47827134,-1.5575329,-1.2343006,0.33290294,-0.6005262,0.8815017,1.4881874,2.996141
474,content,-0.50612456,0.670273,-0.70019984,1.7084031,-1.0978929,0.11092912,0.21357468,1.0932393,-0.8056726,-1.0012863
475,content,0.24004519,-1.0278314,-0.4403256,1.2973225,0.5683795,0.40418556,-1.331222,-1.9806921,-0.8619058,0.036264688
476,content,0.13817166,3.1955822,-0.9559954,-3.9279149,-0.64264953,2.7883775,-0.25888386,-1.5819268,1.5161119,-0.052729625
477,content,1.2683532,-3.8572671,-2.9956071,3.7600937,0.07702865,0.0929007,-0.6043228,1.3791848,1.914967,-0.3357142
478,content,1.2310306,4.9251814,2.2721403,-2.4696162,-1.8194337,0.76435983,1.5887139,4.3787417,-2.425355,-2.3379958
479,content,1.7153993,-1.1184281,-0.010554869,2.483909,1.2841939,0.76379734,0.45930967,0.81849307,-2.1444862,-0.38428628
480,content,-0.73755914,-0.171035,4.6632385,2.7040334,-1.1818861,0.09955528,1.1226801,-2.3681958,-0.9685712,0.104212575
481,content,0.86490476,2.3310206,-0.11892998,-2.6586037,-1.6031245,-0.11409721,-1.3117018,-0.3451818,2.1391542,-4.5587387
482,content,0.4428626,-3.4694269,-3.8607426,-2.4752197,0.3253838,0.44592685,1.6716052,-0.8096687,-1.2281909,1.5045444
483,content,1.7984916,0.25521106,1.7786598,0.50128686,1.0017378,-3.6886659,0.09179553,-0.031693872,2.775254,-2.404818
484,content,0.48482445,1.5988753,0.8765311,0.25834742,-1.1528131,-0.30321747,0.3630106,-1.0524108,0.019980092,-1.2480227
485,content,-0.009855316,-0.23610872,-1.1636649,-2.990011,-0.33102402,0.27289873,0.23494823,-1.8360887,-3.9318025,0.80070996
486,content,-1.5883865,-2.871785,-1.9511231,-0.56779647,1.2626419,-1.0461688,-0.022000924,2.0169604,-2.6707435,-1.0411534
487,content,0.53424126,-0.7361485,0.64180624,0.5580168,0.12784341,-2.6219413,0.70363307,0.79302084,-0.05385227,-1.76679
488,content,-0.23342441,-1.4834273,2.569387,0.56338674,-0.58124006,-1.091028,1.8127308,-0.6259587,-0.0011537852,-0.2878136
489,content,-0.6391675,0.52728033,-0.3969244,-1.7250873,-1.4564929,-0.2611884,-0.30344954,0.8176906,1.2767174,1.3358169
490,content,0.09424227,4.364763,-2.0892515,-3.3433704,1.2071688,-0.9963913,0.7911506,1.0046668,-2.5534768,-2.7682214
491,content,0.05454099,4.489451,1.5410547,-2.490381,-2.269713,-0.03433545,0.50013524,1.4476153,-1.2891147,0.0019443501
492,content,-0.02621065,-0.000546185,-0.026190327,0.007060198,-0.002936961,-0.0090092225,0.012204227,-0.00014135065,0.024632087,-0.011848293
493,content,0.9073799,-1.9198526,-1.3115113,-1.1983432,0.31650516,2.0330217,0.5756731,-0.9420934,-0.7188946,-0.044557206
494,content,0.64034045,-0.040904284,-0.09573882,-0.24601106,-0.37572637,-1.7754828,0.04580772,-0.49402207,-0.20277767,-2.163801
495,content,0.86947435,-3.1829345,2.8104556,0.7676771,0.50206524,-0.13181937,0.117471695,-3.728382,-0.8215254,0.18081298
496,content,0.88883764,-1.0458918,-2.0867193,-0.28490797,-0.6152279,1.088203,0.9738163,-3.7089484,-1.4242179,-3.104672
497,content,0.825241,-0.81321627,-4.6871686,-2.0092232,-1.1780798,-0.7324597,-1.8708982,0.5354611,-1.3227447,-2.1524148
498,content,-0.29443616,-1.1535834,-0.03152399,0.15147087,-0.49701715,-1.1211071,3.3437016,1.3295618,-3.2235425,-0.60303235
499,content,0.7270585,-0.6428049,-4.362855,-0.4938369,-1.4058126,1.1269932,1.3856775,-2.0198197,-1.221341,0.87141544
